Mono path[0] = 'C:/Users/PC/Desktop/Game/VuonNho/Build/HudReview/VuonNho-HudReview_Data/Managed'
Mono config path = 'C:/Users/PC/Desktop/Game/VuonNho/Build/HudReview/MonoBleedingEdge/etc'
CodeReloadManager initialized
Found 3 interfaces on host : 0) 192.168.102.61 1) 26.253.10.125 2) 172.24.64.1
Player connection [25972]  Target information:

Player connection [25972]  * "[IP] 192.168.102.61 [Port] 55000 [Flags] 2 [Guid] 3720498365 [EditorId] 889117370 [Version] 1048832 [Id] WindowsPlayer(2,DESKTOP-4OFHBEV) [Debug] 0 [PackageName] WindowsPlayer [ProjectName] VuonNho-HudReview" 

Player connection [25972]  * "[IP] 26.253.10.125 [Port] 55000 [Flags] 2 [Guid] 3720498365 [EditorId] 889117370 [Version] 1048832 [Id] WindowsPlayer(2,DESKTOP-4OFHBEV) [Debug] 0 [PackageName] WindowsPlayer [ProjectName] VuonNho-HudReview" 

Player connection [25972]  * "[IP] 172.24.64.1 [Port] 55000 [Flags] 2 [Guid] 3720498365 [EditorId] 889117370 [Version] 1048832 [Id] WindowsPlayer(2,DESKTOP-4OFHBEV) [Debug] 0 [PackageName] WindowsPlayer [ProjectName] VuonNho-HudReview" 

Player connection [25972] Started UDP target info broadcast (1) on [225.0.0.222:54997].

Input System module state changed to: Initialized.
[Physics::Module] Initialized fallback backend.
[Physics::Module] Id: 0xdecafbad
Initialize engine version: 6000.6.0f1 (f7f8ed4d1e24)
[EntityIdStore] init: VM path (explicit commit), pageSize=4096, blockCount=1048576, entitiesPerBlock=256, slots reserved=4294967296 bytes
[Subsystems] Discovering subsystems at path C:/Users/PC/Desktop/Game/VuonNho/Build/HudReview/VuonNho-HudReview_Data/UnitySubsystems
Forcing GfxDevice: Direct3D 11
GfxDevice: creating device client; kGfxThreadingModeClientWorkerJobs
Direct3D:
    Version:  Direct3D 11.0 [level 11.1]
    Renderer: NVIDIA GeForce RTX 3060 (ID=0x2504)
    Vendor:   NVIDIA
    VRAM:     12115 MB
    Driver:   32.0.15.6109
Begin MonoManager ReloadAssembly
- Finished resetting the current domain, in  0.010 seconds
[Physics::Module] Selected backend.
[Physics::Module] Name: PhysX
[Physics::Module] Id: 0xf2b8ea05
[Physics::Module] SDK Version: 4.1.2
[Physics::Module] Integration Version: 1.0.0
[Physics::Module] Threading Mode: Multi-Threaded
<RI> Initializing input.
<RI> Input initialized.
UnloadTime: 1.397200 ms
[QA] PASS Nạp save và dựng phiên chơi dưới 2 giây | 0.232 s
UnityEngine.Debug:ExtractStackTraceNoAlloc (byte*,int,string)
UnityEngine.StackTraceUtility:ExtractStackTrace () (at C:/build/output/unity/unity/Runtime/Export/Scripting/StackTrace.cs:23)
UnityEngine.DebugLogHandler:Internal_Log (UnityEngine.LogType,UnityEngine.LogOption,string,UnityEngine.Object)
UnityEngine.DebugLogHandler:LogFormat (UnityEngine.LogType,UnityEngine.Object,string,object[]) (at C:/build/output/unity/unity/Runtime/Export/Logging/DebugLogHandler.cs:9)
UnityEngine.Logger:Log (UnityEngine.LogType,object) (at C:/build/output/unity/unity/Runtime/Export/Logging/Logger.cs:60)
UnityEngine.Debug:Log (object) (at C:/build/output/unity/unity/Runtime/Export/Debug/Debug.bindings.cs:130)
VuonNho.Views.QaChecklist:Check (string,bool,string) (at C:/Users/PC/Desktop/Game/VuonNho/Assets/Scripts/Views/QaChecklist.cs:2078)
VuonNho.Views.QaChecklist/<Run>d__11:MoveNext () (at C:/Users/PC/Desktop/Game/VuonNho/Assets/Scripts/Views/QaChecklist.cs:70)
UnityEngine.SetupCoroutine:InvokeMoveNext (System.Collections.IEnumerator,intptr) (at C:/build/output/unity/unity/Runtime/Export/Scripting/Coroutines.cs:17)

(Filename: C:/build/output/unity/unity/Runtime/Export/Debug/Debug.bindings.cs Line: 130)

[QA] PASS Engine khởi động + splash Unity (chỉ ghi nhận, không phải mục tiêu của game) | 2.02 s
UnityEngine.Debug:ExtractStackTraceNoAlloc (byte*,int,string)
UnityEngine.StackTraceUtility:ExtractStackTrace () (at C:/build/output/unity/unity/Runtime/Export/Scripting/StackTrace.cs:23)
UnityEngine.DebugLogHandler:Internal_Log (UnityEngine.LogType,UnityEngine.LogOption,string,UnityEngine.Object)
UnityEngine.DebugLogHandler:LogFormat (UnityEngine.LogType,UnityEngine.Object,string,object[]) (at C:/build/output/unity/unity/Runtime/Export/Logging/DebugLogHandler.cs:9)
UnityEngine.Logger:Log (UnityEngine.LogType,object) (at C:/build/output/unity/unity/Runtime/Export/Logging/Logger.cs:60)
UnityEngine.Debug:Log (object) (at C:/build/output/unity/unity/Runtime/Export/Debug/Debug.bindings.cs:130)
VuonNho.Views.QaChecklist:Check (string,bool,string) (at C:/Users/PC/Desktop/Game/VuonNho/Assets/Scripts/Views/QaChecklist.cs:2078)
VuonNho.Views.QaChecklist/<Run>d__11:MoveNext () (at C:/Users/PC/Desktop/Game/VuonNho/Assets/Scripts/Views/QaChecklist.cs:73)
UnityEngine.SetupCoroutine:InvokeMoveNext (System.Collections.IEnumerator,intptr) (at C:/build/output/unity/unity/Runtime/Export/Scripting/Coroutines.cs:17)

(Filename: C:/build/output/unity/unity/Runtime/Export/Debug/Debug.bindings.cs Line: 130)

[QA] PASS Tổng thời gian tới khung hình chơi được | 2.77 s (bao gồm splash)
UnityEngine.Debug:ExtractStackTraceNoAlloc (byte*,int,string)
UnityEngine.StackTraceUtility:ExtractStackTrace () (at C:/build/output/unity/unity/Runtime/Export/Scripting/StackTrace.cs:23)
UnityEngine.DebugLogHandler:Internal_Log (UnityEngine.LogType,UnityEngine.LogOption,string,UnityEngine.Object)
UnityEngine.DebugLogHandler:LogFormat (UnityEngine.LogType,UnityEngine.Object,string,object[]) (at C:/build/output/unity/unity/Runtime/Export/Logging/DebugLogHandler.cs:9)
UnityEngine.Logger:Log (UnityEngine.LogType,object) (at C:/build/output/unity/unity/Runtime/Export/Logging/Logger.cs:60)
UnityEngine.Debug:Log (object) (at C:/build/output/unity/unity/Runtime/Export/Debug/Debug.bindings.cs:130)
VuonNho.Views.QaChecklist:Check (string,bool,string) (at C:/Users/PC/Desktop/Game/VuonNho/Assets/Scripts/Views/QaChecklist.cs:2078)
VuonNho.Views.QaChecklist/<Run>d__11:MoveNext () (at C:/Users/PC/Desktop/Game/VuonNho/Assets/Scripts/Views/QaChecklist.cs:75)
UnityEngine.SetupCoroutine:InvokeMoveNext (System.Collections.IEnumerator,intptr) (at C:/build/output/unity/unity/Runtime/Export/Scripting/Coroutines.cs:17)

(Filename: C:/build/output/unity/unity/Runtime/Export/Debug/Debug.bindings.cs Line: 130)

[QA] PASS Độ phân giải chạy thật | 1920 × 1080
UnityEngine.Debug:ExtractStackTraceNoAlloc (byte*,int,string)
UnityEngine.StackTraceUtility:ExtractStackTrace () (at C:/build/output/unity/unity/Runtime/Export/Scripting/StackTrace.cs:23)
UnityEngine.DebugLogHandler:Internal_Log (UnityEngine.LogType,UnityEngine.LogOption,string,UnityEngine.Object)
UnityEngine.DebugLogHandler:LogFormat (UnityEngine.LogType,UnityEngine.Object,string,object[]) (at C:/build/output/unity/unity/Runtime/Export/Logging/DebugLogHandler.cs:9)
UnityEngine.Logger:Log (UnityEngine.LogType,object) (at C:/build/output/unity/unity/Runtime/Export/Logging/Logger.cs:60)
UnityEngine.Debug:Log (object) (at C:/build/output/unity/unity/Runtime/Export/Debug/Debug.bindings.cs:130)
VuonNho.Views.QaChecklist:Check (string,bool,string) (at C:/Users/PC/Desktop/Game/VuonNho/Assets/Scripts/Views/QaChecklist.cs:2078)
VuonNho.Views.QaChecklist/<Run>d__11:MoveNext () (at C:/Users/PC/Desktop/Game/VuonNho/Assets/Scripts/Views/QaChecklist.cs:77)
UnityEngine.SetupCoroutine:InvokeMoveNext (System.Collections.IEnumerator,intptr) (at C:/build/output/unity/unity/Runtime/Export/Scripting/Coroutines.cs:17)

(Filename: C:/build/output/unity/unity/Runtime/Export/Debug/Debug.bindings.cs Line: 130)

[QA] PASS Bắt đầu với 0 xu | 0 xu
UnityEngine.Debug:ExtractStackTraceNoAlloc (byte*,int,string)
UnityEngine.StackTraceUtility:ExtractStackTrace () (at C:/build/output/unity/unity/Runtime/Export/Scripting/StackTrace.cs:23)
UnityEngine.DebugLogHandler:Internal_Log (UnityEngine.LogType,UnityEngine.LogOption,string,UnityEngine.Object)
UnityEngine.DebugLogHandler:LogFormat (UnityEngine.LogType,UnityEngine.Object,string,object[]) (at C:/build/output/unity/unity/Runtime/Export/Logging/DebugLogHandler.cs:9)
UnityEngine.Logger:Log (UnityEngine.LogType,object) (at C:/build/output/unity/unity/Runtime/Export/Logging/Logger.cs:60)
UnityEngine.Debug:Log (object) (at C:/build/output/unity/unity/Runtime/Export/Debug/Debug.bindings.cs:130)
VuonNho.Views.QaChecklist:Check (string,bool,string) (at C:/Users/PC/Desktop/Game/VuonNho/Assets/Scripts/Views/QaChecklist.cs:2078)
VuonNho.Views.QaChecklist/<Run>d__11:MoveNext () (at C:/Users/PC/Desktop/Game/VuonNho/Assets/Scripts/Views/QaChecklist.cs:85)
UnityEngine.SetupCoroutine:InvokeMoveNext (System.Collections.IEnumerator,intptr) (at C:/build/output/unity/unity/Runtime/Export/Scripting/Coroutines.cs:17)

(Filename: C:/build/output/unity/unity/Runtime/Export/Debug/Debug.bindings.cs Line: 130)

[QA] PASS Mở sẵn đúng 4 ô | 4 ô
UnityEngine.Debug:ExtractStackTraceNoAlloc (byte*,int,string)
UnityEngine.StackTraceUtility:ExtractStackTrace () (at C:/build/output/unity/unity/Runtime/Export/Scripting/StackTrace.cs:23)
UnityEngine.DebugLogHandler:Internal_Log (UnityEngine.LogType,UnityEngine.LogOption,string,UnityEngine.Object)
UnityEngine.DebugLogHandler:LogFormat (UnityEngine.LogType,UnityEngine.Object,string,object[]) (at C:/build/output/unity/unity/Runtime/Export/Logging/DebugLogHandler.cs:9)
UnityEngine.Logger:Log (UnityEngine.LogType,object) (at C:/build/output/unity/unity/Runtime/Export/Logging/Logger.cs:60)
UnityEngine.Debug:Log (object) (at C:/build/output/unity/unity/Runtime/Export/Debug/Debug.bindings.cs:130)
VuonNho.Views.QaChecklist:Check (string,bool,string) (at C:/Users/PC/Desktop/Game/VuonNho/Assets/Scripts/Views/QaChecklist.cs:2078)
VuonNho.Views.QaChecklist/<Run>d__11:MoveNext () (at C:/Users/PC/Desktop/Game/VuonNho/Assets/Scripts/Views/QaChecklist.cs:86)
UnityEngine.SetupCoroutine:InvokeMoveNext (System.Collections.IEnumerator,intptr) (at C:/build/output/unity/unity/Runtime/Export/Scripting/Coroutines.cs:17)

(Filename: C:/build/output/unity/unity/Runtime/Export/Debug/Debug.bindings.cs Line: 130)

[QA] PASS Chưa có robot
UnityEngine.Debug:ExtractStackTraceNoAlloc (byte*,int,string)
UnityEngine.StackTraceUtility:ExtractStackTrace () (at C:/build/output/unity/unity/Runtime/Export/Scripting/StackTrace.cs:23)
UnityEngine.DebugLogHandler:Internal_Log (UnityEngine.LogType,UnityEngine.LogOption,string,UnityEngine.Object)
UnityEngine.DebugLogHandler:LogFormat (UnityEngine.LogType,UnityEngine.Object,string,object[]) (at C:/build/output/unity/unity/Runtime/Export/Logging/DebugLogHandler.cs:9)
UnityEngine.Logger:Log (UnityEngine.LogType,object) (at C:/build/output/unity/unity/Runtime/Export/Logging/Logger.cs:60)
UnityEngine.Debug:Log (object) (at C:/build/output/unity/unity/Runtime/Export/Debug/Debug.bindings.cs:130)
VuonNho.Views.QaChecklist:Check (string,bool,string) (at C:/Users/PC/Desktop/Game/VuonNho/Assets/Scripts/Views/QaChecklist.cs:2078)
VuonNho.Views.QaChecklist/<Run>d__11:MoveNext () (at C:/Users/PC/Desktop/Game/VuonNho/Assets/Scripts/Views/QaChecklist.cs:88)
UnityEngine.SetupCoroutine:InvokeMoveNext (System.Collections.IEnumerator,intptr) (at C:/build/output/unity/unity/Runtime/Export/Scripting/Coroutines.cs:17)

(Filename: C:/build/output/unity/unity/Runtime/Export/Debug/Debug.bindings.cs Line: 130)

[QA] PASS Bấm Gieo hạt ở vườn mới mở bảng chọn cây | HudCanvas/FarmHud/ActionDock/FarmActionButton; graphic trên cùng: HudCanvas/FarmHud/ActionDock/FarmActionButton; click handler: HudCanvas/FarmHud/ActionDock/FarmActionButton
UnityEngine.Debug:ExtractStackTraceNoAlloc (byte*,int,string)
UnityEngine.StackTraceUtility:ExtractStackTrace () (at C:/build/output/unity/unity/Runtime/Export/Scripting/StackTrace.cs:23)
UnityEngine.DebugLogHandler:Internal_Log (UnityEngine.LogType,UnityEngine.LogOption,string,UnityEngine.Object)
UnityEngine.DebugLogHandler:LogFormat (UnityEngine.LogType,UnityEngine.Object,string,object[]) (at C:/build/output/unity/unity/Runtime/Export/Logging/DebugLogHandler.cs:9)
UnityEngine.Logger:Log (UnityEngine.LogType,object) (at C:/build/output/unity/unity/Runtime/Export/Logging/Logger.cs:60)
UnityEngine.Debug:Log (object) (at C:/build/output/unity/unity/Runtime/Export/Debug/Debug.bindings.cs:130)
VuonNho.Views.QaChecklist:Check (string,bool,string) (at C:/Users/PC/Desktop/Game/VuonNho/Assets/Scripts/Views/QaChecklist.cs:2078)
VuonNho.Views.QaChecklist/<CheckPrimaryFarmAction>d__33:MoveNext () (at C:/Users/PC/Desktop/Game/VuonNho/Assets/Scripts/Views/QaChecklist.cs:1272)
UnityEngine.SetupCoroutine:InvokeMoveNext (System.Collections.IEnumerator,intptr) (at C:/build/output/unity/unity/Runtime/Export/Scripting/Coroutines.cs:17)

(Filename: C:/build/output/unity/unity/Runtime/Export/Debug/Debug.bindings.cs Line: 130)

[QA] PASS Chọn Bạc hà từ nút gieo bắt đầu một vụ thật | PlotPopup/CropViewport/CropList/Crop_crop_mint; graphic trên cùng: PlotPopup/CropViewport/CropList/Crop_crop_mint; click handler: PlotPopup/CropViewport/CropList/Crop_crop_mint
UnityEngine.Debug:ExtractStackTraceNoAlloc (byte*,int,string)
UnityEngine.StackTraceUtility:ExtractStackTrace () (at C:/build/output/unity/unity/Runtime/Export/Scripting/StackTrace.cs:23)
UnityEngine.DebugLogHandler:Internal_Log (UnityEngine.LogType,UnityEngine.LogOption,string,UnityEngine.Object)
UnityEngine.DebugLogHandler:LogFormat (UnityEngine.LogType,UnityEngine.Object,string,object[]) (at C:/build/output/unity/unity/Runtime/Export/Logging/DebugLogHandler.cs:9)
UnityEngine.Logger:Log (UnityEngine.LogType,object) (at C:/build/output/unity/unity/Runtime/Export/Logging/Logger.cs:60)
UnityEngine.Debug:Log (object) (at C:/build/output/unity/unity/Runtime/Export/Debug/Debug.bindings.cs:130)
VuonNho.Views.QaChecklist:Check (string,bool,string) (at C:/Users/PC/Desktop/Game/VuonNho/Assets/Scripts/Views/QaChecklist.cs:2078)
VuonNho.Views.QaChecklist/<CheckPrimaryFarmAction>d__33:MoveNext () (at C:/Users/PC/Desktop/Game/VuonNho/Assets/Scripts/Views/QaChecklist.cs:1282)
UnityEngine.SetupCoroutine:InvokeMoveNext (System.Collections.IEnumerator,intptr) (at C:/build/output/unity/unity/Runtime/Export/Scripting/Coroutines.cs:17)

(Filename: C:/build/output/unity/unity/Runtime/Export/Debug/Debug.bindings.cs Line: 130)

[QA] PASS Bấm Thu hoạch thu đủ sản lượng và gieo lại cây đang chọn | sản lượng 4/4; HudCanvas/FarmHud/ActionDock/FarmActionButton; graphic trên cùng: HudCanvas/FarmHud/ActionDock/FarmActionButton; click handler: HudCanvas/FarmHud/ActionDock/FarmActionButton
UnityEngine.Debug:ExtractStackTraceNoAlloc (byte*,int,string)
UnityEngine.StackTraceUtility:ExtractStackTrace () (at C:/build/output/unity/unity/Runtime/Export/Scripting/StackTrace.cs:23)
UnityEngine.DebugLogHandler:Internal_Log (UnityEngine.LogType,UnityEngine.LogOption,string,UnityEngine.Object)
UnityEngine.DebugLogHandler:LogFormat (UnityEngine.LogType,UnityEngine.Object,string,object[]) (at C:/build/output/unity/unity/Runtime/Export/Logging/DebugLogHandler.cs:9)
UnityEngine.Logger:Log (UnityEngine.LogType,object) (at C:/build/output/unity/unity/Runtime/Export/Logging/Logger.cs:60)
UnityEngine.Debug:Log (object) (at C:/build/output/unity/unity/Runtime/Export/Debug/Debug.bindings.cs:130)
VuonNho.Views.QaChecklist:Check (string,bool,string) (at C:/Users/PC/Desktop/Game/VuonNho/Assets/Scripts/Views/QaChecklist.cs:2078)
VuonNho.Views.QaChecklist/<CheckPrimaryFarmAction>d__33:MoveNext () (at C:/Users/PC/Desktop/Game/VuonNho/Assets/Scripts/Views/QaChecklist.cs:1321)
UnityEngine.SetupCoroutine:InvokeMoveNext (System.Collections.IEnumerator,intptr) (at C:/build/output/unity/unity/Runtime/Export/Scripting/Coroutines.cs:17)

(Filename: C:/build/output/unity/unity/Runtime/Export/Debug/Debug.bindings.cs Line: 130)

[QA] PASS Có xu đầu tiên từ trà | ở phút mô phỏng 0.3
UnityEngine.Debug:ExtractStackTraceNoAlloc (byte*,int,string)
UnityEngine.StackTraceUtility:ExtractStackTrace () (at C:/build/output/unity/unity/Runtime/Export/Scripting/StackTrace.cs:23)
UnityEngine.DebugLogHandler:Internal_Log (UnityEngine.LogType,UnityEngine.LogOption,string,UnityEngine.Object)
UnityEngine.DebugLogHandler:LogFormat (UnityEngine.LogType,UnityEngine.Object,string,object[]) (at C:/build/output/unity/unity/Runtime/Export/Logging/DebugLogHandler.cs:9)
UnityEngine.Logger:Log (UnityEngine.LogType,object) (at C:/build/output/unity/unity/Runtime/Export/Logging/Logger.cs:60)
UnityEngine.Debug:Log (object) (at C:/build/output/unity/unity/Runtime/Export/Debug/Debug.bindings.cs:130)
VuonNho.Views.QaChecklist:Check (string,bool,string) (at C:/Users/PC/Desktop/Game/VuonNho/Assets/Scripts/Views/QaChecklist.cs:2078)
VuonNho.Views.QaChecklist/<RunPlaythrough>d__30:MoveNext () (at C:/Users/PC/Desktop/Game/VuonNho/Assets/Scripts/Views/QaChecklist.cs:1086)
UnityEngine.SetupCoroutine:InvokeMoveNext (System.Collections.IEnumerator,intptr) (at C:/build/output/unity/unity/Runtime/Export/Scripting/Coroutines.cs:17)

(Filename: C:/build/output/unity/unity/Runtime/Export/Debug/Debug.bindings.cs Line: 130)

[QA] PASS Trà đầu trong vòng 2 phút mô phỏng | 0.3 phút
UnityEngine.Debug:ExtractStackTraceNoAlloc (byte*,int,string)
UnityEngine.StackTraceUtility:ExtractStackTrace () (at C:/build/output/unity/unity/Runtime/Export/Scripting/StackTrace.cs:23)
UnityEngine.DebugLogHandler:Internal_Log (UnityEngine.LogType,UnityEngine.LogOption,string,UnityEngine.Object)
UnityEngine.DebugLogHandler:LogFormat (UnityEngine.LogType,UnityEngine.Object,string,object[]) (at C:/build/output/unity/unity/Runtime/Export/Logging/DebugLogHandler.cs:9)
UnityEngine.Logger:Log (UnityEngine.LogType,object) (at C:/build/output/unity/unity/Runtime/Export/Logging/Logger.cs:60)
UnityEngine.Debug:Log (object) (at C:/build/output/unity/unity/Runtime/Export/Debug/Debug.bindings.cs:130)
VuonNho.Views.QaChecklist:Check (string,bool,string) (at C:/Users/PC/Desktop/Game/VuonNho/Assets/Scripts/Views/QaChecklist.cs:2078)
VuonNho.Views.QaChecklist/<RunPlaythrough>d__30:MoveNext () (at C:/Users/PC/Desktop/Game/VuonNho/Assets/Scripts/Views/QaChecklist.cs:1088)
UnityEngine.SetupCoroutine:InvokeMoveNext (System.Collections.IEnumerator,intptr) (at C:/build/output/unity/unity/Runtime/Export/Scripting/Coroutines.cs:17)

(Filename: C:/build/output/unity/unity/Runtime/Export/Debug/Debug.bindings.cs Line: 130)

[QA] PASS Mua được robot
UnityEngine.Debug:ExtractStackTraceNoAlloc (byte*,int,string)
UnityEngine.StackTraceUtility:ExtractStackTrace () (at C:/build/output/unity/unity/Runtime/Export/Scripting/StackTrace.cs:23)
UnityEngine.DebugLogHandler:Internal_Log (UnityEngine.LogType,UnityEngine.LogOption,string,UnityEngine.Object)
UnityEngine.DebugLogHandler:LogFormat (UnityEngine.LogType,UnityEngine.Object,string,object[]) (at C:/build/output/unity/unity/Runtime/Export/Logging/DebugLogHandler.cs:9)
UnityEngine.Logger:Log (UnityEngine.LogType,object) (at C:/build/output/unity/unity/Runtime/Export/Logging/Logger.cs:60)
UnityEngine.Debug:Log (object) (at C:/build/output/unity/unity/Runtime/Export/Debug/Debug.bindings.cs:130)
VuonNho.Views.QaChecklist:Check (string,bool,string) (at C:/Users/PC/Desktop/Game/VuonNho/Assets/Scripts/Views/QaChecklist.cs:2078)
VuonNho.Views.QaChecklist/<RunPlaythrough>d__30:MoveNext () (at C:/Users/PC/Desktop/Game/VuonNho/Assets/Scripts/Views/QaChecklist.cs:1093)
UnityEngine.SetupCoroutine:InvokeMoveNext (System.Collections.IEnumerator,intptr) (at C:/build/output/unity/unity/Runtime/Export/Scripting/Coroutines.cs:17)

(Filename: C:/build/output/unity/unity/Runtime/Export/Debug/Debug.bindings.cs Line: 130)

[QA] PASS Đủ tiền mua robot trong 8 phút mô phỏng | 2.6 phút, 60 lần thu tay
UnityEngine.Debug:ExtractStackTraceNoAlloc (byte*,int,string)
UnityEngine.StackTraceUtility:ExtractStackTrace () (at C:/build/output/unity/unity/Runtime/Export/Scripting/StackTrace.cs:23)
UnityEngine.DebugLogHandler:Internal_Log (UnityEngine.LogType,UnityEngine.LogOption,string,UnityEngine.Object)
UnityEngine.DebugLogHandler:LogFormat (UnityEngine.LogType,UnityEngine.Object,string,object[]) (at C:/build/output/unity/unity/Runtime/Export/Logging/DebugLogHandler.cs:9)
UnityEngine.Logger:Log (UnityEngine.LogType,object) (at C:/build/output/unity/unity/Runtime/Export/Logging/Logger.cs:60)
UnityEngine.Debug:Log (object) (at C:/build/output/unity/unity/Runtime/Export/Debug/Debug.bindings.cs:130)
VuonNho.Views.QaChecklist:Check (string,bool,string) (at C:/Users/PC/Desktop/Game/VuonNho/Assets/Scripts/Views/QaChecklist.cs:2078)
VuonNho.Views.QaChecklist/<RunPlaythrough>d__30:MoveNext () (at C:/Users/PC/Desktop/Game/VuonNho/Assets/Scripts/Views/QaChecklist.cs:1094)
UnityEngine.SetupCoroutine:InvokeMoveNext (System.Collections.IEnumerator,intptr) (at C:/build/output/unity/unity/Runtime/Export/Scripting/Coroutines.cs:17)

(Filename: C:/build/output/unity/unity/Runtime/Export/Debug/Debug.bindings.cs Line: 130)

[QA] PASS Mua Mở cúc + công thức
UnityEngine.Debug:ExtractStackTraceNoAlloc (byte*,int,string)
UnityEngine.StackTraceUtility:ExtractStackTrace () (at C:/build/output/unity/unity/Runtime/Export/Scripting/StackTrace.cs:23)
UnityEngine.DebugLogHandler:Internal_Log (UnityEngine.LogType,UnityEngine.LogOption,string,UnityEngine.Object)
UnityEngine.DebugLogHandler:LogFormat (UnityEngine.LogType,UnityEngine.Object,string,object[]) (at C:/build/output/unity/unity/Runtime/Export/Logging/DebugLogHandler.cs:9)
UnityEngine.Logger:Log (UnityEngine.LogType,object) (at C:/build/output/unity/unity/Runtime/Export/Logging/Logger.cs:60)
UnityEngine.Debug:Log (object) (at C:/build/output/unity/unity/Runtime/Export/Debug/Debug.bindings.cs:130)
VuonNho.Views.QaChecklist:Check (string,bool,string) (at C:/Users/PC/Desktop/Game/VuonNho/Assets/Scripts/Views/QaChecklist.cs:2078)
VuonNho.Views.QaChecklist/<RunPlaythrough>d__30:MoveNext () (at C:/Users/PC/Desktop/Game/VuonNho/Assets/Scripts/Views/QaChecklist.cs:1131)
UnityEngine.SetupCoroutine:InvokeMoveNext (System.Collections.IEnumerator,intptr) (at C:/build/output/unity/unity/Runtime/Export/Scripting/Coroutines.cs:17)

(Filename: C:/build/output/unity/unity/Runtime/Export/Debug/Debug.bindings.cs Line: 130)

[QA] PASS Mua Mở vườn lần 1
UnityEngine.Debug:ExtractStackTraceNoAlloc (byte*,int,string)
UnityEngine.StackTraceUtility:ExtractStackTrace () (at C:/build/output/unity/unity/Runtime/Export/Scripting/StackTrace.cs:23)
UnityEngine.DebugLogHandler:Internal_Log (UnityEngine.LogType,UnityEngine.LogOption,string,UnityEngine.Object)
UnityEngine.DebugLogHandler:LogFormat (UnityEngine.LogType,UnityEngine.Object,string,object[]) (at C:/build/output/unity/unity/Runtime/Export/Logging/DebugLogHandler.cs:9)
UnityEngine.Logger:Log (UnityEngine.LogType,object) (at C:/build/output/unity/unity/Runtime/Export/Logging/Logger.cs:60)
UnityEngine.Debug:Log (object) (at C:/build/output/unity/unity/Runtime/Export/Debug/Debug.bindings.cs:130)
VuonNho.Views.QaChecklist:Check (string,bool,string) (at C:/Users/PC/Desktop/Game/VuonNho/Assets/Scripts/Views/QaChecklist.cs:2078)
VuonNho.Views.QaChecklist/<RunPlaythrough>d__30:MoveNext () (at C:/Users/PC/Desktop/Game/VuonNho/Assets/Scripts/Views/QaChecklist.cs:1131)
UnityEngine.SetupCoroutine:InvokeMoveNext (System.Collections.IEnumerator,intptr) (at C:/build/output/unity/unity/Runtime/Export/Scripting/Coroutines.cs:17)

(Filename: C:/build/output/unity/unity/Runtime/Export/Debug/Debug.bindings.cs Line: 130)

[QA] PASS Mua Tốc độ máy I
UnityEngine.Debug:ExtractStackTraceNoAlloc (byte*,int,string)
UnityEngine.StackTraceUtility:ExtractStackTrace () (at C:/build/output/unity/unity/Runtime/Export/Scripting/StackTrace.cs:23)
UnityEngine.DebugLogHandler:Internal_Log (UnityEngine.LogType,UnityEngine.LogOption,string,UnityEngine.Object)
UnityEngine.DebugLogHandler:LogFormat (UnityEngine.LogType,UnityEngine.Object,string,object[]) (at C:/build/output/unity/unity/Runtime/Export/Logging/DebugLogHandler.cs:9)
UnityEngine.Logger:Log (UnityEngine.LogType,object) (at C:/build/output/unity/unity/Runtime/Export/Logging/Logger.cs:60)
UnityEngine.Debug:Log (object) (at C:/build/output/unity/unity/Runtime/Export/Debug/Debug.bindings.cs:130)
VuonNho.Views.QaChecklist:Check (string,bool,string) (at C:/Users/PC/Desktop/Game/VuonNho/Assets/Scripts/Views/QaChecklist.cs:2078)
VuonNho.Views.QaChecklist/<RunPlaythrough>d__30:MoveNext () (at C:/Users/PC/Desktop/Game/VuonNho/Assets/Scripts/Views/QaChecklist.cs:1131)
UnityEngine.SetupCoroutine:InvokeMoveNext (System.Collections.IEnumerator,intptr) (at C:/build/output/unity/unity/Runtime/Export/Scripting/Coroutines.cs:17)

(Filename: C:/build/output/unity/unity/Runtime/Export/Debug/Debug.bindings.cs Line: 130)

[QA] PASS Mua Mở dâu + công thức
UnityEngine.Debug:ExtractStackTraceNoAlloc (byte*,int,string)
UnityEngine.StackTraceUtility:ExtractStackTrace () (at C:/build/output/unity/unity/Runtime/Export/Scripting/StackTrace.cs:23)
UnityEngine.DebugLogHandler:Internal_Log (UnityEngine.LogType,UnityEngine.LogOption,string,UnityEngine.Object)
UnityEngine.DebugLogHandler:LogFormat (UnityEngine.LogType,UnityEngine.Object,string,object[]) (at C:/build/output/unity/unity/Runtime/Export/Logging/DebugLogHandler.cs:9)
UnityEngine.Logger:Log (UnityEngine.LogType,object) (at C:/build/output/unity/unity/Runtime/Export/Logging/Logger.cs:60)
UnityEngine.Debug:Log (object) (at C:/build/output/unity/unity/Runtime/Export/Debug/Debug.bindings.cs:130)
VuonNho.Views.QaChecklist:Check (string,bool,string) (at C:/Users/PC/Desktop/Game/VuonNho/Assets/Scripts/Views/QaChecklist.cs:2078)
VuonNho.Views.QaChecklist/<RunPlaythrough>d__30:MoveNext () (at C:/Users/PC/Desktop/Game/VuonNho/Assets/Scripts/Views/QaChecklist.cs:1131)
UnityEngine.SetupCoroutine:InvokeMoveNext (System.Collections.IEnumerator,intptr) (at C:/build/output/unity/unity/Runtime/Export/Scripting/Coroutines.cs:17)

(Filename: C:/build/output/unity/unity/Runtime/Export/Debug/Debug.bindings.cs Line: 130)

[QA] PASS Mua Tốc độ cây I
UnityEngine.Debug:ExtractStackTraceNoAlloc (byte*,int,string)
UnityEngine.StackTraceUtility:ExtractStackTrace () (at C:/build/output/unity/unity/Runtime/Export/Scripting/StackTrace.cs:23)
UnityEngine.DebugLogHandler:Internal_Log (UnityEngine.LogType,UnityEngine.LogOption,string,UnityEngine.Object)
UnityEngine.DebugLogHandler:LogFormat (UnityEngine.LogType,UnityEngine.Object,string,object[]) (at C:/build/output/unity/unity/Runtime/Export/Logging/DebugLogHandler.cs:9)
UnityEngine.Logger:Log (UnityEngine.LogType,object) (at C:/build/output/unity/unity/Runtime/Export/Logging/Logger.cs:60)
UnityEngine.Debug:Log (object) (at C:/build/output/unity/unity/Runtime/Export/Debug/Debug.bindings.cs:130)
VuonNho.Views.QaChecklist:Check (string,bool,string) (at C:/Users/PC/Desktop/Game/VuonNho/Assets/Scripts/Views/QaChecklist.cs:2078)
VuonNho.Views.QaChecklist/<RunPlaythrough>d__30:MoveNext () (at C:/Users/PC/Desktop/Game/VuonNho/Assets/Scripts/Views/QaChecklist.cs:1131)
UnityEngine.SetupCoroutine:InvokeMoveNext (System.Collections.IEnumerator,intptr) (at C:/build/output/unity/unity/Runtime/Export/Scripting/Coroutines.cs:17)

(Filename: C:/build/output/unity/unity/Runtime/Export/Debug/Debug.bindings.cs Line: 130)

[QA] PASS Mua Mở vườn lần 2
UnityEngine.Debug:ExtractStackTraceNoAlloc (byte*,int,string)
UnityEngine.StackTraceUtility:ExtractStackTrace () (at C:/build/output/unity/unity/Runtime/Export/Scripting/StackTrace.cs:23)
UnityEngine.DebugLogHandler:Internal_Log (UnityEngine.LogType,UnityEngine.LogOption,string,UnityEngine.Object)
UnityEngine.DebugLogHandler:LogFormat (UnityEngine.LogType,UnityEngine.Object,string,object[]) (at C:/build/output/unity/unity/Runtime/Export/Logging/DebugLogHandler.cs:9)
UnityEngine.Logger:Log (UnityEngine.LogType,object) (at C:/build/output/unity/unity/Runtime/Export/Logging/Logger.cs:60)
UnityEngine.Debug:Log (object) (at C:/build/output/unity/unity/Runtime/Export/Debug/Debug.bindings.cs:130)
VuonNho.Views.QaChecklist:Check (string,bool,string) (at C:/Users/PC/Desktop/Game/VuonNho/Assets/Scripts/Views/QaChecklist.cs:2078)
VuonNho.Views.QaChecklist/<RunPlaythrough>d__30:MoveNext () (at C:/Users/PC/Desktop/Game/VuonNho/Assets/Scripts/Views/QaChecklist.cs:1131)
UnityEngine.SetupCoroutine:InvokeMoveNext (System.Collections.IEnumerator,intptr) (at C:/build/output/unity/unity/Runtime/Export/Scripting/Coroutines.cs:17)

(Filename: C:/build/output/unity/unity/Runtime/Export/Debug/Debug.bindings.cs Line: 130)

[QA] PASS Mua Tốc độ máy II
UnityEngine.Debug:ExtractStackTraceNoAlloc (byte*,int,string)
UnityEngine.StackTraceUtility:ExtractStackTrace () (at C:/build/output/unity/unity/Runtime/Export/Scripting/StackTrace.cs:23)
UnityEngine.DebugLogHandler:Internal_Log (UnityEngine.LogType,UnityEngine.LogOption,string,UnityEngine.Object)
UnityEngine.DebugLogHandler:LogFormat (UnityEngine.LogType,UnityEngine.Object,string,object[]) (at C:/build/output/unity/unity/Runtime/Export/Logging/DebugLogHandler.cs:9)
UnityEngine.Logger:Log (UnityEngine.LogType,object) (at C:/build/output/unity/unity/Runtime/Export/Logging/Logger.cs:60)
UnityEngine.Debug:Log (object) (at C:/build/output/unity/unity/Runtime/Export/Debug/Debug.bindings.cs:130)
VuonNho.Views.QaChecklist:Check (string,bool,string) (at C:/Users/PC/Desktop/Game/VuonNho/Assets/Scripts/Views/QaChecklist.cs:2078)
VuonNho.Views.QaChecklist/<RunPlaythrough>d__30:MoveNext () (at C:/Users/PC/Desktop/Game/VuonNho/Assets/Scripts/Views/QaChecklist.cs:1131)
UnityEngine.SetupCoroutine:InvokeMoveNext (System.Collections.IEnumerator,intptr) (at C:/build/output/unity/unity/Runtime/Export/Scripting/Coroutines.cs:17)

(Filename: C:/build/output/unity/unity/Runtime/Export/Debug/Debug.bindings.cs Line: 130)

[QA] PASS Mua Tốc độ cây II
UnityEngine.Debug:ExtractStackTraceNoAlloc (byte*,int,string)
UnityEngine.StackTraceUtility:ExtractStackTrace () (at C:/build/output/unity/unity/Runtime/Export/Scripting/StackTrace.cs:23)
UnityEngine.DebugLogHandler:Internal_Log (UnityEngine.LogType,UnityEngine.LogOption,string,UnityEngine.Object)
UnityEngine.DebugLogHandler:LogFormat (UnityEngine.LogType,UnityEngine.Object,string,object[]) (at C:/build/output/unity/unity/Runtime/Export/Logging/DebugLogHandler.cs:9)
UnityEngine.Logger:Log (UnityEngine.LogType,object) (at C:/build/output/unity/unity/Runtime/Export/Logging/Logger.cs:60)
UnityEngine.Debug:Log (object) (at C:/build/output/unity/unity/Runtime/Export/Debug/Debug.bindings.cs:130)
VuonNho.Views.QaChecklist:Check (string,bool,string) (at C:/Users/PC/Desktop/Game/VuonNho/Assets/Scripts/Views/QaChecklist.cs:2078)
VuonNho.Views.QaChecklist/<RunPlaythrough>d__30:MoveNext () (at C:/Users/PC/Desktop/Game/VuonNho/Assets/Scripts/Views/QaChecklist.cs:1131)
UnityEngine.SetupCoroutine:InvokeMoveNext (System.Collections.IEnumerator,intptr) (at C:/build/output/unity/unity/Runtime/Export/Scripting/Coroutines.cs:17)

(Filename: C:/build/output/unity/unity/Runtime/Export/Debug/Debug.bindings.cs Line: 130)

[QA] PASS Mua Mở sả + công thức
UnityEngine.Debug:ExtractStackTraceNoAlloc (byte*,int,string)
UnityEngine.StackTraceUtility:ExtractStackTrace () (at C:/build/output/unity/unity/Runtime/Export/Scripting/StackTrace.cs:23)
UnityEngine.DebugLogHandler:Internal_Log (UnityEngine.LogType,UnityEngine.LogOption,string,UnityEngine.Object)
UnityEngine.DebugLogHandler:LogFormat (UnityEngine.LogType,UnityEngine.Object,string,object[]) (at C:/build/output/unity/unity/Runtime/Export/Logging/DebugLogHandler.cs:9)
UnityEngine.Logger:Log (UnityEngine.LogType,object) (at C:/build/output/unity/unity/Runtime/Export/Logging/Logger.cs:60)
UnityEngine.Debug:Log (object) (at C:/build/output/unity/unity/Runtime/Export/Debug/Debug.bindings.cs:130)
VuonNho.Views.QaChecklist:Check (string,bool,string) (at C:/Users/PC/Desktop/Game/VuonNho/Assets/Scripts/Views/QaChecklist.cs:2078)
VuonNho.Views.QaChecklist/<RunPlaythrough>d__30:MoveNext () (at C:/Users/PC/Desktop/Game/VuonNho/Assets/Scripts/Views/QaChecklist.cs:1131)
UnityEngine.SetupCoroutine:InvokeMoveNext (System.Collections.IEnumerator,intptr) (at C:/build/output/unity/unity/Runtime/Export/Scripting/Coroutines.cs:17)

(Filename: C:/build/output/unity/unity/Runtime/Export/Debug/Debug.bindings.cs Line: 130)

[QA] PASS Mua Mở nhài + công thức
UnityEngine.Debug:ExtractStackTraceNoAlloc (byte*,int,string)
UnityEngine.StackTraceUtility:ExtractStackTrace () (at C:/build/output/unity/unity/Runtime/Export/Scripting/StackTrace.cs:23)
UnityEngine.DebugLogHandler:Internal_Log (UnityEngine.LogType,UnityEngine.LogOption,string,UnityEngine.Object)
UnityEngine.DebugLogHandler:LogFormat (UnityEngine.LogType,UnityEngine.Object,string,object[]) (at C:/build/output/unity/unity/Runtime/Export/Logging/DebugLogHandler.cs:9)
UnityEngine.Logger:Log (UnityEngine.LogType,object) (at C:/build/output/unity/unity/Runtime/Export/Logging/Logger.cs:60)
UnityEngine.Debug:Log (object) (at C:/build/output/unity/unity/Runtime/Export/Debug/Debug.bindings.cs:130)
VuonNho.Views.QaChecklist:Check (string,bool,string) (at C:/Users/PC/Desktop/Game/VuonNho/Assets/Scripts/Views/QaChecklist.cs:2078)
VuonNho.Views.QaChecklist/<RunPlaythrough>d__30:MoveNext () (at C:/Users/PC/Desktop/Game/VuonNho/Assets/Scripts/Views/QaChecklist.cs:1131)
UnityEngine.SetupCoroutine:InvokeMoveNext (System.Collections.IEnumerator,intptr) (at C:/build/output/unity/unity/Runtime/Export/Scripting/Coroutines.cs:17)

(Filename: C:/build/output/unity/unity/Runtime/Export/Debug/Debug.bindings.cs Line: 130)

[QA] PASS Mua Phòng trừ sinh học
UnityEngine.Debug:ExtractStackTraceNoAlloc (byte*,int,string)
UnityEngine.StackTraceUtility:ExtractStackTrace () (at C:/build/output/unity/unity/Runtime/Export/Scripting/StackTrace.cs:23)
UnityEngine.DebugLogHandler:Internal_Log (UnityEngine.LogType,UnityEngine.LogOption,string,UnityEngine.Object)
UnityEngine.DebugLogHandler:LogFormat (UnityEngine.LogType,UnityEngine.Object,string,object[]) (at C:/build/output/unity/unity/Runtime/Export/Logging/DebugLogHandler.cs:9)
UnityEngine.Logger:Log (UnityEngine.LogType,object) (at C:/build/output/unity/unity/Runtime/Export/Logging/Logger.cs:60)
UnityEngine.Debug:Log (object) (at C:/build/output/unity/unity/Runtime/Export/Debug/Debug.bindings.cs:130)
VuonNho.Views.QaChecklist:Check (string,bool,string) (at C:/Users/PC/Desktop/Game/VuonNho/Assets/Scripts/Views/QaChecklist.cs:2078)
VuonNho.Views.QaChecklist/<RunPlaythrough>d__30:MoveNext () (at C:/Users/PC/Desktop/Game/VuonNho/Assets/Scripts/Views/QaChecklist.cs:1131)
UnityEngine.SetupCoroutine:InvokeMoveNext (System.Collections.IEnumerator,intptr) (at C:/build/output/unity/unity/Runtime/Export/Scripting/Coroutines.cs:17)

(Filename: C:/build/output/unity/unity/Runtime/Export/Debug/Debug.bindings.cs Line: 130)

[QA] PASS Mua Nhận nương chè + trà búp
UnityEngine.Debug:ExtractStackTraceNoAlloc (byte*,int,string)
UnityEngine.StackTraceUtility:ExtractStackTrace () (at C:/build/output/unity/unity/Runtime/Export/Scripting/StackTrace.cs:23)
UnityEngine.DebugLogHandler:Internal_Log (UnityEngine.LogType,UnityEngine.LogOption,string,UnityEngine.Object)
UnityEngine.DebugLogHandler:LogFormat (UnityEngine.LogType,UnityEngine.Object,string,object[]) (at C:/build/output/unity/unity/Runtime/Export/Logging/DebugLogHandler.cs:9)
UnityEngine.Logger:Log (UnityEngine.LogType,object) (at C:/build/output/unity/unity/Runtime/Export/Logging/Logger.cs:60)
UnityEngine.Debug:Log (object) (at C:/build/output/unity/unity/Runtime/Export/Debug/Debug.bindings.cs:130)
VuonNho.Views.QaChecklist:Check (string,bool,string) (at C:/Users/PC/Desktop/Game/VuonNho/Assets/Scripts/Views/QaChecklist.cs:2078)
VuonNho.Views.QaChecklist/<RunPlaythrough>d__30:MoveNext () (at C:/Users/PC/Desktop/Game/VuonNho/Assets/Scripts/Views/QaChecklist.cs:1131)
UnityEngine.SetupCoroutine:InvokeMoveNext (System.Collections.IEnumerator,intptr) (at C:/build/output/unity/unity/Runtime/Export/Scripting/Coroutines.cs:17)

(Filename: C:/build/output/unity/unity/Runtime/Export/Debug/Debug.bindings.cs Line: 130)

[QA] PASS Mua Tay nghề hái 1 tôm 2 lá
UnityEngine.Debug:ExtractStackTraceNoAlloc (byte*,int,string)
UnityEngine.StackTraceUtility:ExtractStackTrace () (at C:/build/output/unity/unity/Runtime/Export/Scripting/StackTrace.cs:23)
UnityEngine.DebugLogHandler:Internal_Log (UnityEngine.LogType,UnityEngine.LogOption,string,UnityEngine.Object)
UnityEngine.DebugLogHandler:LogFormat (UnityEngine.LogType,UnityEngine.Object,string,object[]) (at C:/build/output/unity/unity/Runtime/Export/Logging/DebugLogHandler.cs:9)
UnityEngine.Logger:Log (UnityEngine.LogType,object) (at C:/build/output/unity/unity/Runtime/Export/Logging/Logger.cs:60)
UnityEngine.Debug:Log (object) (at C:/build/output/unity/unity/Runtime/Export/Debug/Debug.bindings.cs:130)
VuonNho.Views.QaChecklist:Check (string,bool,string) (at C:/Users/PC/Desktop/Game/VuonNho/Assets/Scripts/Views/QaChecklist.cs:2078)
VuonNho.Views.QaChecklist/<RunPlaythrough>d__30:MoveNext () (at C:/Users/PC/Desktop/Game/VuonNho/Assets/Scripts/Views/QaChecklist.cs:1131)
UnityEngine.SetupCoroutine:InvokeMoveNext (System.Collections.IEnumerator,intptr) (at C:/build/output/unity/unity/Runtime/Export/Scripting/Coroutines.cs:17)

(Filename: C:/build/output/unity/unity/Runtime/Export/Debug/Debug.bindings.cs Line: 130)

[QA] PASS Mua Tay nghề hái 1 tôm 1 lá
UnityEngine.Debug:ExtractStackTraceNoAlloc (byte*,int,string)
UnityEngine.StackTraceUtility:ExtractStackTrace () (at C:/build/output/unity/unity/Runtime/Export/Scripting/StackTrace.cs:23)
UnityEngine.DebugLogHandler:Internal_Log (UnityEngine.LogType,UnityEngine.LogOption,string,UnityEngine.Object)
UnityEngine.DebugLogHandler:LogFormat (UnityEngine.LogType,UnityEngine.Object,string,object[]) (at C:/build/output/unity/unity/Runtime/Export/Logging/DebugLogHandler.cs:9)
UnityEngine.Logger:Log (UnityEngine.LogType,object) (at C:/build/output/unity/unity/Runtime/Export/Logging/Logger.cs:60)
UnityEngine.Debug:Log (object) (at C:/build/output/unity/unity/Runtime/Export/Debug/Debug.bindings.cs:130)
VuonNho.Views.QaChecklist:Check (string,bool,string) (at C:/Users/PC/Desktop/Game/VuonNho/Assets/Scripts/Views/QaChecklist.cs:2078)
VuonNho.Views.QaChecklist/<RunPlaythrough>d__30:MoveNext () (at C:/Users/PC/Desktop/Game/VuonNho/Assets/Scripts/Views/QaChecklist.cs:1131)
UnityEngine.SetupCoroutine:InvokeMoveNext (System.Collections.IEnumerator,intptr) (at C:/build/output/unity/unity/Runtime/Export/Scripting/Coroutines.cs:17)

(Filename: C:/build/output/unity/unity/Runtime/Export/Debug/Debug.bindings.cs Line: 130)

[QA] PASS Mua Tay nghề hái đinh trà
UnityEngine.Debug:ExtractStackTraceNoAlloc (byte*,int,string)
UnityEngine.StackTraceUtility:ExtractStackTrace () (at C:/build/output/unity/unity/Runtime/Export/Scripting/StackTrace.cs:23)
UnityEngine.DebugLogHandler:Internal_Log (UnityEngine.LogType,UnityEngine.LogOption,string,UnityEngine.Object)
UnityEngine.DebugLogHandler:LogFormat (UnityEngine.LogType,UnityEngine.Object,string,object[]) (at C:/build/output/unity/unity/Runtime/Export/Logging/DebugLogHandler.cs:9)
UnityEngine.Logger:Log (UnityEngine.LogType,object) (at C:/build/output/unity/unity/Runtime/Export/Logging/Logger.cs:60)
UnityEngine.Debug:Log (object) (at C:/build/output/unity/unity/Runtime/Export/Debug/Debug.bindings.cs:130)
VuonNho.Views.QaChecklist:Check (string,bool,string) (at C:/Users/PC/Desktop/Game/VuonNho/Assets/Scripts/Views/QaChecklist.cs:2078)
VuonNho.Views.QaChecklist/<RunPlaythrough>d__30:MoveNext () (at C:/Users/PC/Desktop/Game/VuonNho/Assets/Scripts/Views/QaChecklist.cs:1131)
UnityEngine.SetupCoroutine:InvokeMoveNext (System.Collections.IEnumerator,intptr) (at C:/build/output/unity/unity/Runtime/Export/Scripting/Coroutines.cs:17)

(Filename: C:/build/output/unity/unity/Runtime/Export/Debug/Debug.bindings.cs Line: 130)

[QA] PASS Mua Đồ bảo hộ y tế cho thợ
UnityEngine.Debug:ExtractStackTraceNoAlloc (byte*,int,string)
UnityEngine.StackTraceUtility:ExtractStackTrace () (at C:/build/output/unity/unity/Runtime/Export/Scripting/StackTrace.cs:23)
UnityEngine.DebugLogHandler:Internal_Log (UnityEngine.LogType,UnityEngine.LogOption,string,UnityEngine.Object)
UnityEngine.DebugLogHandler:LogFormat (UnityEngine.LogType,UnityEngine.Object,string,object[]) (at C:/build/output/unity/unity/Runtime/Export/Logging/DebugLogHandler.cs:9)
UnityEngine.Logger:Log (UnityEngine.LogType,object) (at C:/build/output/unity/unity/Runtime/Export/Logging/Logger.cs:60)
UnityEngine.Debug:Log (object) (at C:/build/output/unity/unity/Runtime/Export/Debug/Debug.bindings.cs:130)
VuonNho.Views.QaChecklist:Check (string,bool,string) (at C:/Users/PC/Desktop/Game/VuonNho/Assets/Scripts/Views/QaChecklist.cs:2078)
VuonNho.Views.QaChecklist/<RunPlaythrough>d__30:MoveNext () (at C:/Users/PC/Desktop/Game/VuonNho/Assets/Scripts/Views/QaChecklist.cs:1131)
UnityEngine.SetupCoroutine:InvokeMoveNext (System.Collections.IEnumerator,intptr) (at C:/build/output/unity/unity/Runtime/Export/Scripting/Coroutines.cs:17)

(Filename: C:/build/output/unity/unity/Runtime/Export/Debug/Debug.bindings.cs Line: 130)

[QA] PASS Mở đủ 12 ô | 12 ô sau 89.1 phút mô phỏng
UnityEngine.Debug:ExtractStackTraceNoAlloc (byte*,int,string)
UnityEngine.StackTraceUtility:ExtractStackTrace () (at C:/build/output/unity/unity/Runtime/Export/Scripting/StackTrace.cs:23)
UnityEngine.DebugLogHandler:Internal_Log (UnityEngine.LogType,UnityEngine.LogOption,string,UnityEngine.Object)
UnityEngine.DebugLogHandler:LogFormat (UnityEngine.LogType,UnityEngine.Object,string,object[]) (at C:/build/output/unity/unity/Runtime/Export/Logging/DebugLogHandler.cs:9)
UnityEngine.Logger:Log (UnityEngine.LogType,object) (at C:/build/output/unity/unity/Runtime/Export/Logging/Logger.cs:60)
UnityEngine.Debug:Log (object) (at C:/build/output/unity/unity/Runtime/Export/Debug/Debug.bindings.cs:130)
VuonNho.Views.QaChecklist:Check (string,bool,string) (at C:/Users/PC/Desktop/Game/VuonNho/Assets/Scripts/Views/QaChecklist.cs:2078)
VuonNho.Views.QaChecklist/<RunPlaythrough>d__30:MoveNext () (at C:/Users/PC/Desktop/Game/VuonNho/Assets/Scripts/Views/QaChecklist.cs:1147)
UnityEngine.SetupCoroutine:InvokeMoveNext (System.Collections.IEnumerator,intptr) (at C:/build/output/unity/unity/Runtime/Export/Scripting/Coroutines.cs:17)

(Filename: C:/build/output/unity/unity/Runtime/Export/Debug/Debug.bindings.cs Line: 130)

[QA] PASS Mua hết toàn bộ nâng cấp MVP
UnityEngine.Debug:ExtractStackTraceNoAlloc (byte*,int,string)
UnityEngine.StackTraceUtility:ExtractStackTrace () (at C:/build/output/unity/unity/Runtime/Export/Scripting/StackTrace.cs:23)
UnityEngine.DebugLogHandler:Internal_Log (UnityEngine.LogType,UnityEngine.LogOption,string,UnityEngine.Object)
UnityEngine.DebugLogHandler:LogFormat (UnityEngine.LogType,UnityEngine.Object,string,object[]) (at C:/build/output/unity/unity/Runtime/Export/Logging/DebugLogHandler.cs:9)
UnityEngine.Logger:Log (UnityEngine.LogType,object) (at C:/build/output/unity/unity/Runtime/Export/Logging/Logger.cs:60)
UnityEngine.Debug:Log (object) (at C:/build/output/unity/unity/Runtime/Export/Debug/Debug.bindings.cs:130)
VuonNho.Views.QaChecklist:Check (string,bool,string) (at C:/Users/PC/Desktop/Game/VuonNho/Assets/Scripts/Views/QaChecklist.cs:2078)
VuonNho.Views.QaChecklist/<RunPlaythrough>d__30:MoveNext () (at C:/Users/PC/Desktop/Game/VuonNho/Assets/Scripts/Views/QaChecklist.cs:1153)
UnityEngine.SetupCoroutine:InvokeMoveNext (System.Collections.IEnumerator,intptr) (at C:/build/output/unity/unity/Runtime/Export/Scripting/Coroutines.cs:17)

(Filename: C:/build/output/unity/unity/Runtime/Export/Debug/Debug.bindings.cs Line: 130)

[QA] PASS Mở hết mọi loại cây gieo được | 9/9 loại
UnityEngine.Debug:ExtractStackTraceNoAlloc (byte*,int,string)
UnityEngine.StackTraceUtility:ExtractStackTrace () (at C:/build/output/unity/unity/Runtime/Export/Scripting/StackTrace.cs:23)
UnityEngine.DebugLogHandler:Internal_Log (UnityEngine.LogType,UnityEngine.LogOption,string,UnityEngine.Object)
UnityEngine.DebugLogHandler:LogFormat (UnityEngine.LogType,UnityEngine.Object,string,object[]) (at C:/build/output/unity/unity/Runtime/Export/Logging/DebugLogHandler.cs:9)
UnityEngine.Logger:Log (UnityEngine.LogType,object) (at C:/build/output/unity/unity/Runtime/Export/Logging/Logger.cs:60)
UnityEngine.Debug:Log (object) (at C:/build/output/unity/unity/Runtime/Export/Debug/Debug.bindings.cs:130)
VuonNho.Views.QaChecklist:Check (string,bool,string) (at C:/Users/PC/Desktop/Game/VuonNho/Assets/Scripts/Views/QaChecklist.cs:2078)
VuonNho.Views.QaChecklist/<RunPlaythrough>d__30:MoveNext () (at C:/Users/PC/Desktop/Game/VuonNho/Assets/Scripts/Views/QaChecklist.cs:1160)
UnityEngine.SetupCoroutine:InvokeMoveNext (System.Collections.IEnumerator,intptr) (at C:/build/output/unity/unity/Runtime/Export/Scripting/Coroutines.cs:17)

(Filename: C:/build/output/unity/unity/Runtime/Export/Debug/Debug.bindings.cs Line: 130)

[QA] PASS Không có xu âm | 167 xu
UnityEngine.Debug:ExtractStackTraceNoAlloc (byte*,int,string)
UnityEngine.StackTraceUtility:ExtractStackTrace () (at C:/build/output/unity/unity/Runtime/Export/Scripting/StackTrace.cs:23)
UnityEngine.DebugLogHandler:Internal_Log (UnityEngine.LogType,UnityEngine.LogOption,string,UnityEngine.Object)
UnityEngine.DebugLogHandler:LogFormat (UnityEngine.LogType,UnityEngine.Object,string,object[]) (at C:/build/output/unity/unity/Runtime/Export/Logging/DebugLogHandler.cs:9)
UnityEngine.Logger:Log (UnityEngine.LogType,object) (at C:/build/output/unity/unity/Runtime/Export/Logging/Logger.cs:60)
UnityEngine.Debug:Log (object) (at C:/build/output/unity/unity/Runtime/Export/Debug/Debug.bindings.cs:130)
VuonNho.Views.QaChecklist:Check (string,bool,string) (at C:/Users/PC/Desktop/Game/VuonNho/Assets/Scripts/Views/QaChecklist.cs:2078)
VuonNho.Views.QaChecklist/<RunPlaythrough>d__30:MoveNext () (at C:/Users/PC/Desktop/Game/VuonNho/Assets/Scripts/Views/QaChecklist.cs:1163)
UnityEngine.SetupCoroutine:InvokeMoveNext (System.Collections.IEnumerator,intptr) (at C:/build/output/unity/unity/Runtime/Export/Scripting/Coroutines.cs:17)

(Filename: C:/build/output/unity/unity/Runtime/Export/Debug/Debug.bindings.cs Line: 130)

[QA] PASS Có cây đang lớn lúc lưu
UnityEngine.Debug:ExtractStackTraceNoAlloc (byte*,int,string)
UnityEngine.StackTraceUtility:ExtractStackTrace () (at C:/build/output/unity/unity/Runtime/Export/Scripting/StackTrace.cs:23)
UnityEngine.DebugLogHandler:Internal_Log (UnityEngine.LogType,UnityEngine.LogOption,string,UnityEngine.Object)
UnityEngine.DebugLogHandler:LogFormat (UnityEngine.LogType,UnityEngine.Object,string,object[]) (at C:/build/output/unity/unity/Runtime/Export/Logging/DebugLogHandler.cs:9)
UnityEngine.Logger:Log (UnityEngine.LogType,object) (at C:/build/output/unity/unity/Runtime/Export/Logging/Logger.cs:60)
UnityEngine.Debug:Log (object) (at C:/build/output/unity/unity/Runtime/Export/Debug/Debug.bindings.cs:130)
VuonNho.Views.QaChecklist:Check (string,bool,string) (at C:/Users/PC/Desktop/Game/VuonNho/Assets/Scripts/Views/QaChecklist.cs:2078)
VuonNho.Views.QaChecklist/<RunReloadCheck>d__32:MoveNext () (at C:/Users/PC/Desktop/Game/VuonNho/Assets/Scripts/Views/QaChecklist.cs:1200)
UnityEngine.SetupCoroutine:InvokeMoveNext (System.Collections.IEnumerator,intptr) (at C:/build/output/unity/unity/Runtime/Export/Scripting/Coroutines.cs:17)

(Filename: C:/build/output/unity/unity/Runtime/Export/Debug/Debug.bindings.cs Line: 130)

[QA] PASS Máy đang pha lúc lưu | công thức Trà đinh ngọc, kho còn 0/8 nguyên liệu
UnityEngine.Debug:ExtractStackTraceNoAlloc (byte*,int,string)
UnityEngine.StackTraceUtility:ExtractStackTrace () (at C:/build/output/unity/unity/Runtime/Export/Scripting/StackTrace.cs:23)
UnityEngine.DebugLogHandler:Internal_Log (UnityEngine.LogType,UnityEngine.LogOption,string,UnityEngine.Object)
UnityEngine.DebugLogHandler:LogFormat (UnityEngine.LogType,UnityEngine.Object,string,object[]) (at C:/build/output/unity/unity/Runtime/Export/Logging/DebugLogHandler.cs:9)
UnityEngine.Logger:Log (UnityEngine.LogType,object) (at C:/build/output/unity/unity/Runtime/Export/Logging/Logger.cs:60)
UnityEngine.Debug:Log (object) (at C:/build/output/unity/unity/Runtime/Export/Debug/Debug.bindings.cs:130)
VuonNho.Views.QaChecklist:Check (string,bool,string) (at C:/Users/PC/Desktop/Game/VuonNho/Assets/Scripts/Views/QaChecklist.cs:2078)
VuonNho.Views.QaChecklist/<RunReloadCheck>d__32:MoveNext () (at C:/Users/PC/Desktop/Game/VuonNho/Assets/Scripts/Views/QaChecklist.cs:1202)
UnityEngine.SetupCoroutine:InvokeMoveNext (System.Collections.IEnumerator,intptr) (at C:/build/output/unity/unity/Runtime/Export/Scripting/Coroutines.cs:17)

(Filename: C:/build/output/unity/unity/Runtime/Export/Debug/Debug.bindings.cs Line: 130)

[QA] PASS Nạp lại được file save vừa ghi | LoadedPrimary
UnityEngine.Debug:ExtractStackTraceNoAlloc (byte*,int,string)
UnityEngine.StackTraceUtility:ExtractStackTrace () (at C:/build/output/unity/unity/Runtime/Export/Scripting/StackTrace.cs:23)
UnityEngine.DebugLogHandler:Internal_Log (UnityEngine.LogType,UnityEngine.LogOption,string,UnityEngine.Object)
UnityEngine.DebugLogHandler:LogFormat (UnityEngine.LogType,UnityEngine.Object,string,object[]) (at C:/build/output/unity/unity/Runtime/Export/Logging/DebugLogHandler.cs:9)
UnityEngine.Logger:Log (UnityEngine.LogType,object) (at C:/build/output/unity/unity/Runtime/Export/Logging/Logger.cs:60)
UnityEngine.Debug:Log (object) (at C:/build/output/unity/unity/Runtime/Export/Debug/Debug.bindings.cs:130)
VuonNho.Views.QaChecklist:Check (string,bool,string) (at C:/Users/PC/Desktop/Game/VuonNho/Assets/Scripts/Views/QaChecklist.cs:2078)
VuonNho.Views.QaChecklist/<RunReloadCheck>d__32:MoveNext () (at C:/Users/PC/Desktop/Game/VuonNho/Assets/Scripts/Views/QaChecklist.cs:1221)
UnityEngine.SetupCoroutine:InvokeMoveNext (System.Collections.IEnumerator,intptr) (at C:/build/output/unity/unity/Runtime/Export/Scripting/Coroutines.cs:17)

(Filename: C:/build/output/unity/unity/Runtime/Export/Debug/Debug.bindings.cs Line: 130)

[QA] PASS Giữ nguyên số xu sau khi nạp lại | 167 → 167
UnityEngine.Debug:ExtractStackTraceNoAlloc (byte*,int,string)
UnityEngine.StackTraceUtility:ExtractStackTrace () (at C:/build/output/unity/unity/Runtime/Export/Scripting/StackTrace.cs:23)
UnityEngine.DebugLogHandler:Internal_Log (UnityEngine.LogType,UnityEngine.LogOption,string,UnityEngine.Object)
UnityEngine.DebugLogHandler:LogFormat (UnityEngine.LogType,UnityEngine.Object,string,object[]) (at C:/build/output/unity/unity/Runtime/Export/Logging/DebugLogHandler.cs:9)
UnityEngine.Logger:Log (UnityEngine.LogType,object) (at C:/build/output/unity/unity/Runtime/Export/Logging/Logger.cs:60)
UnityEngine.Debug:Log (object) (at C:/build/output/unity/unity/Runtime/Export/Debug/Debug.bindings.cs:130)
VuonNho.Views.QaChecklist:Check (string,bool,string) (at C:/Users/PC/Desktop/Game/VuonNho/Assets/Scripts/Views/QaChecklist.cs:2078)
VuonNho.Views.QaChecklist/<RunReloadCheck>d__32:MoveNext () (at C:/Users/PC/Desktop/Game/VuonNho/Assets/Scripts/Views/QaChecklist.cs:1222)
UnityEngine.SetupCoroutine:InvokeMoveNext (System.Collections.IEnumerator,intptr) (at C:/build/output/unity/unity/Runtime/Export/Scripting/Coroutines.cs:17)

(Filename: C:/build/output/unity/unity/Runtime/Export/Debug/Debug.bindings.cs Line: 130)

[QA] PASS Thời gian mô phỏng không lùi | 5500299 → 5500312
UnityEngine.Debug:ExtractStackTraceNoAlloc (byte*,int,string)
UnityEngine.StackTraceUtility:ExtractStackTrace () (at C:/build/output/unity/unity/Runtime/Export/Scripting/StackTrace.cs:23)
UnityEngine.DebugLogHandler:Internal_Log (UnityEngine.LogType,UnityEngine.LogOption,string,UnityEngine.Object)
UnityEngine.DebugLogHandler:LogFormat (UnityEngine.LogType,UnityEngine.Object,string,object[]) (at C:/build/output/unity/unity/Runtime/Export/Logging/DebugLogHandler.cs:9)
UnityEngine.Logger:Log (UnityEngine.LogType,object) (at C:/build/output/unity/unity/Runtime/Export/Logging/Logger.cs:60)
UnityEngine.Debug:Log (object) (at C:/build/output/unity/unity/Runtime/Export/Debug/Debug.bindings.cs:130)
VuonNho.Views.QaChecklist:Check (string,bool,string) (at C:/Users/PC/Desktop/Game/VuonNho/Assets/Scripts/Views/QaChecklist.cs:2078)
VuonNho.Views.QaChecklist/<RunReloadCheck>d__32:MoveNext () (at C:/Users/PC/Desktop/Game/VuonNho/Assets/Scripts/Views/QaChecklist.cs:1224)
UnityEngine.SetupCoroutine:InvokeMoveNext (System.Collections.IEnumerator,intptr) (at C:/build/output/unity/unity/Runtime/Export/Scripting/Coroutines.cs:17)

(Filename: C:/build/output/unity/unity/Runtime/Export/Debug/Debug.bindings.cs Line: 130)

[QA] PASS Trạng thái ô đất dựng lại đúng
UnityEngine.Debug:ExtractStackTraceNoAlloc (byte*,int,string)
UnityEngine.StackTraceUtility:ExtractStackTrace () (at C:/build/output/unity/unity/Runtime/Export/Scripting/StackTrace.cs:23)
UnityEngine.DebugLogHandler:Internal_Log (UnityEngine.LogType,UnityEngine.LogOption,string,UnityEngine.Object)
UnityEngine.DebugLogHandler:LogFormat (UnityEngine.LogType,UnityEngine.Object,string,object[]) (at C:/build/output/unity/unity/Runtime/Export/Logging/DebugLogHandler.cs:9)
UnityEngine.Logger:Log (UnityEngine.LogType,object) (at C:/build/output/unity/unity/Runtime/Export/Logging/Logger.cs:60)
UnityEngine.Debug:Log (object) (at C:/build/output/unity/unity/Runtime/Export/Debug/Debug.bindings.cs:130)
VuonNho.Views.QaChecklist:Check (string,bool,string) (at C:/Users/PC/Desktop/Game/VuonNho/Assets/Scripts/Views/QaChecklist.cs:2078)
VuonNho.Views.QaChecklist/<RunReloadCheck>d__32:MoveNext () (at C:/Users/PC/Desktop/Game/VuonNho/Assets/Scripts/Views/QaChecklist.cs:1231)
UnityEngine.SetupCoroutine:InvokeMoveNext (System.Collections.IEnumerator,intptr) (at C:/build/output/unity/unity/Runtime/Export/Scripting/Coroutines.cs:17)

(Filename: C:/build/output/unity/unity/Runtime/Export/Debug/Debug.bindings.cs Line: 130)

[QA] PASS Hướng dẫn tiếp tục đúng bước | ChooseNextUpgrade
UnityEngine.Debug:ExtractStackTraceNoAlloc (byte*,int,string)
UnityEngine.StackTraceUtility:ExtractStackTrace () (at C:/build/output/unity/unity/Runtime/Export/Scripting/StackTrace.cs:23)
UnityEngine.DebugLogHandler:Internal_Log (UnityEngine.LogType,UnityEngine.LogOption,string,UnityEngine.Object)
UnityEngine.DebugLogHandler:LogFormat (UnityEngine.LogType,UnityEngine.Object,string,object[]) (at C:/build/output/unity/unity/Runtime/Export/Logging/DebugLogHandler.cs:9)
UnityEngine.Logger:Log (UnityEngine.LogType,object) (at C:/build/output/unity/unity/Runtime/Export/Logging/Logger.cs:60)
UnityEngine.Debug:Log (object) (at C:/build/output/unity/unity/Runtime/Export/Debug/Debug.bindings.cs:130)
VuonNho.Views.QaChecklist:Check (string,bool,string) (at C:/Users/PC/Desktop/Game/VuonNho/Assets/Scripts/Views/QaChecklist.cs:2078)
VuonNho.Views.QaChecklist/<RunReloadCheck>d__32:MoveNext () (at C:/Users/PC/Desktop/Game/VuonNho/Assets/Scripts/Views/QaChecklist.cs:1232)
UnityEngine.SetupCoroutine:InvokeMoveNext (System.Collections.IEnumerator,intptr) (at C:/build/output/unity/unity/Runtime/Export/Scripting/Coroutines.cs:17)

(Filename: C:/build/output/unity/unity/Runtime/Export/Debug/Debug.bindings.cs Line: 130)

[QA] PASS Hình ảnh ô đất khớp trạng thái sau khi dựng lại | 0 ô lệch
UnityEngine.Debug:ExtractStackTraceNoAlloc (byte*,int,string)
UnityEngine.StackTraceUtility:ExtractStackTrace () (at C:/build/output/unity/unity/Runtime/Export/Scripting/StackTrace.cs:23)
UnityEngine.DebugLogHandler:Internal_Log (UnityEngine.LogType,UnityEngine.LogOption,string,UnityEngine.Object)
UnityEngine.DebugLogHandler:LogFormat (UnityEngine.LogType,UnityEngine.Object,string,object[]) (at C:/build/output/unity/unity/Runtime/Export/Logging/DebugLogHandler.cs:9)
UnityEngine.Logger:Log (UnityEngine.LogType,object) (at C:/build/output/unity/unity/Runtime/Export/Logging/Logger.cs:60)
UnityEngine.Debug:Log (object) (at C:/build/output/unity/unity/Runtime/Export/Debug/Debug.bindings.cs:130)
VuonNho.Views.QaChecklist:Check (string,bool,string) (at C:/Users/PC/Desktop/Game/VuonNho/Assets/Scripts/Views/QaChecklist.cs:2078)
VuonNho.Views.QaChecklist/<RunReloadCheck>d__32:MoveNext () (at C:/Users/PC/Desktop/Game/VuonNho/Assets/Scripts/Views/QaChecklist.cs:1253)
UnityEngine.SetupCoroutine:InvokeMoveNext (System.Collections.IEnumerator,intptr) (at C:/build/output/unity/unity/Runtime/Export/Scripting/Coroutines.cs:17)

(Filename: C:/build/output/unity/unity/Runtime/Export/Debug/Debug.bindings.cs Line: 130)

[QA] PASS Thẻ Profile nằm trong màn hình và không bị che
UnityEngine.Debug:ExtractStackTraceNoAlloc (byte*,int,string)
UnityEngine.StackTraceUtility:ExtractStackTrace () (at C:/build/output/unity/unity/Runtime/Export/Scripting/StackTrace.cs:23)
UnityEngine.DebugLogHandler:Internal_Log (UnityEngine.LogType,UnityEngine.LogOption,string,UnityEngine.Object)
UnityEngine.DebugLogHandler:LogFormat (UnityEngine.LogType,UnityEngine.Object,string,object[]) (at C:/build/output/unity/unity/Runtime/Export/Logging/DebugLogHandler.cs:9)
UnityEngine.Logger:Log (UnityEngine.LogType,object) (at C:/build/output/unity/unity/Runtime/Export/Logging/Logger.cs:60)
UnityEngine.Debug:Log (object) (at C:/build/output/unity/unity/Runtime/Export/Debug/Debug.bindings.cs:130)
VuonNho.Views.QaChecklist:Check (string,bool,string) (at C:/Users/PC/Desktop/Game/VuonNho/Assets/Scripts/Views/QaChecklist.cs:2078)
VuonNho.Views.QaChecklist/<CheckFloatingHud>d__56:MoveNext () (at C:/Users/PC/Desktop/Game/VuonNho/Assets/Scripts/Views/QaChecklist.cs:1844)
UnityEngine.SetupCoroutine:InvokeMoveNext (System.Collections.IEnumerator,intptr) (at C:/build/output/unity/unity/Runtime/Export/Scripting/Coroutines.cs:17)

(Filename: C:/build/output/unity/unity/Runtime/Export/Debug/Debug.bindings.cs Line: 130)

[QA] PASS Thẻ StatusPill nằm trong màn hình và không bị che
UnityEngine.Debug:ExtractStackTraceNoAlloc (byte*,int,string)
UnityEngine.StackTraceUtility:ExtractStackTrace () (at C:/build/output/unity/unity/Runtime/Export/Scripting/StackTrace.cs:23)
UnityEngine.DebugLogHandler:Internal_Log (UnityEngine.LogType,UnityEngine.LogOption,string,UnityEngine.Object)
UnityEngine.DebugLogHandler:LogFormat (UnityEngine.LogType,UnityEngine.Object,string,object[]) (at C:/build/output/unity/unity/Runtime/Export/Logging/DebugLogHandler.cs:9)
UnityEngine.Logger:Log (UnityEngine.LogType,object) (at C:/build/output/unity/unity/Runtime/Export/Logging/Logger.cs:60)
UnityEngine.Debug:Log (object) (at C:/build/output/unity/unity/Runtime/Export/Debug/Debug.bindings.cs:130)
VuonNho.Views.QaChecklist:Check (string,bool,string) (at C:/Users/PC/Desktop/Game/VuonNho/Assets/Scripts/Views/QaChecklist.cs:2078)
VuonNho.Views.QaChecklist/<CheckFloatingHud>d__56:MoveNext () (at C:/Users/PC/Desktop/Game/VuonNho/Assets/Scripts/Views/QaChecklist.cs:1844)
UnityEngine.SetupCoroutine:InvokeMoveNext (System.Collections.IEnumerator,intptr) (at C:/build/output/unity/unity/Runtime/Export/Scripting/Coroutines.cs:17)

(Filename: C:/build/output/unity/unity/Runtime/Export/Debug/Debug.bindings.cs Line: 130)

[QA] PASS Cột nút trái có thẻ tên khi rê chuột | 5 nút
UnityEngine.Debug:ExtractStackTraceNoAlloc (byte*,int,string)
UnityEngine.StackTraceUtility:ExtractStackTrace () (at C:/build/output/unity/unity/Runtime/Export/Scripting/StackTrace.cs:23)
UnityEngine.DebugLogHandler:Internal_Log (UnityEngine.LogType,UnityEngine.LogOption,string,UnityEngine.Object)
UnityEngine.DebugLogHandler:LogFormat (UnityEngine.LogType,UnityEngine.Object,string,object[]) (at C:/build/output/unity/unity/Runtime/Export/Logging/DebugLogHandler.cs:9)
UnityEngine.Logger:Log (UnityEngine.LogType,object) (at C:/build/output/unity/unity/Runtime/Export/Logging/Logger.cs:60)
UnityEngine.Debug:Log (object) (at C:/build/output/unity/unity/Runtime/Export/Debug/Debug.bindings.cs:130)
VuonNho.Views.QaChecklist:Check (string,bool,string) (at C:/Users/PC/Desktop/Game/VuonNho/Assets/Scripts/Views/QaChecklist.cs:2078)
VuonNho.Views.QaChecklist/<CheckRailTooltips>d__57:MoveNext () (at C:/Users/PC/Desktop/Game/VuonNho/Assets/Scripts/Views/QaChecklist.cs:1921)
UnityEngine.SetupCoroutine:InvokeMoveNext (System.Collections.IEnumerator,intptr) (at C:/build/output/unity/unity/Runtime/Export/Scripting/Coroutines.cs:17)

(Filename: C:/build/output/unity/unity/Runtime/Export/Debug/Debug.bindings.cs Line: 130)

[QA] PASS Các nút nổi nhận được click khi không mở bảng | 11 nút
UnityEngine.Debug:ExtractStackTraceNoAlloc (byte*,int,string)
UnityEngine.StackTraceUtility:ExtractStackTrace () (at C:/build/output/unity/unity/Runtime/Export/Scripting/StackTrace.cs:23)
UnityEngine.DebugLogHandler:Internal_Log (UnityEngine.LogType,UnityEngine.LogOption,string,UnityEngine.Object)
UnityEngine.DebugLogHandler:LogFormat (UnityEngine.LogType,UnityEngine.Object,string,object[]) (at C:/build/output/unity/unity/Runtime/Export/Logging/DebugLogHandler.cs:9)
UnityEngine.Logger:Log (UnityEngine.LogType,object) (at C:/build/output/unity/unity/Runtime/Export/Logging/Logger.cs:60)
UnityEngine.Debug:Log (object) (at C:/build/output/unity/unity/Runtime/Export/Debug/Debug.bindings.cs:130)
VuonNho.Views.QaChecklist:Check (string,bool,string) (at C:/Users/PC/Desktop/Game/VuonNho/Assets/Scripts/Views/QaChecklist.cs:2078)
VuonNho.Views.QaChecklist/<CheckFloatingHud>d__56:MoveNext () (at C:/Users/PC/Desktop/Game/VuonNho/Assets/Scripts/Views/QaChecklist.cs:1856)
UnityEngine.SetupCoroutine:InvokeMoveNext (System.Collections.IEnumerator,intptr) (at C:/build/output/unity/unity/Runtime/Export/Scripting/Coroutines.cs:17)

(Filename: C:/build/output/unity/unity/Runtime/Export/Debug/Debug.bindings.cs Line: 130)

[QA] PASS Click ngoài panel vẫn xuống được vườn | click trúng PlotRoot_0
UnityEngine.Debug:ExtractStackTraceNoAlloc (byte*,int,string)
UnityEngine.StackTraceUtility:ExtractStackTrace () (at C:/build/output/unity/unity/Runtime/Export/Scripting/StackTrace.cs:23)
UnityEngine.DebugLogHandler:Internal_Log (UnityEngine.LogType,UnityEngine.LogOption,string,UnityEngine.Object)
UnityEngine.DebugLogHandler:LogFormat (UnityEngine.LogType,UnityEngine.Object,string,object[]) (at C:/build/output/unity/unity/Runtime/Export/Logging/DebugLogHandler.cs:9)
UnityEngine.Logger:Log (UnityEngine.LogType,object) (at C:/build/output/unity/unity/Runtime/Export/Logging/Logger.cs:60)
UnityEngine.Debug:Log (object) (at C:/build/output/unity/unity/Runtime/Export/Debug/Debug.bindings.cs:130)
VuonNho.Views.QaChecklist:Check (string,bool,string) (at C:/Users/PC/Desktop/Game/VuonNho/Assets/Scripts/Views/QaChecklist.cs:2078)
VuonNho.Views.QaChecklist:CheckGardenClickReachable () (at C:/Users/PC/Desktop/Game/VuonNho/Assets/Scripts/Views/QaChecklist.cs:1817)
VuonNho.Views.QaChecklist/<RunUiChecks>d__34:MoveNext () (at C:/Users/PC/Desktop/Game/VuonNho/Assets/Scripts/Views/QaChecklist.cs:1344)
UnityEngine.SetupCoroutine:InvokeMoveNext (System.Collections.IEnumerator,intptr) (at C:/build/output/unity/unity/Runtime/Export/Scripting/Coroutines.cs:17)

(Filename: C:/build/output/unity/unity/Runtime/Export/Debug/Debug.bindings.cs Line: 130)

[QA] PASS Modal OfflineModal có lối thoát bấm được | OfflineModal/Card/ActionRow/Continue
UnityEngine.Debug:ExtractStackTraceNoAlloc (byte*,int,string)
UnityEngine.StackTraceUtility:ExtractStackTrace () (at C:/build/output/unity/unity/Runtime/Export/Scripting/StackTrace.cs:23)
UnityEngine.DebugLogHandler:Internal_Log (UnityEngine.LogType,UnityEngine.LogOption,string,UnityEngine.Object)
UnityEngine.DebugLogHandler:LogFormat (UnityEngine.LogType,UnityEngine.Object,string,object[]) (at C:/build/output/unity/unity/Runtime/Export/Logging/DebugLogHandler.cs:9)
UnityEngine.Logger:Log (UnityEngine.LogType,object) (at C:/build/output/unity/unity/Runtime/Export/Logging/Logger.cs:60)
UnityEngine.Debug:Log (object) (at C:/build/output/unity/unity/Runtime/Export/Debug/Debug.bindings.cs:130)
VuonNho.Views.QaChecklist:Check (string,bool,string) (at C:/Users/PC/Desktop/Game/VuonNho/Assets/Scripts/Views/QaChecklist.cs:2078)
VuonNho.Views.QaChecklist/<CheckModalHasEscape>d__39:MoveNext () (at C:/Users/PC/Desktop/Game/VuonNho/Assets/Scripts/Views/QaChecklist.cs:1492)
UnityEngine.SetupCoroutine:InvokeMoveNext (System.Collections.IEnumerator,intptr) (at C:/build/output/unity/unity/Runtime/Export/Scripting/Coroutines.cs:17)

(Filename: C:/build/output/unity/unity/Runtime/Export/Debug/Debug.bindings.cs Line: 130)

[QA] PASS Nút Tiếp tục vừa bằng chữ và nằm giữa | nút 167 px / thẻ 787 px, lệch tâm 0.0 px
UnityEngine.Debug:ExtractStackTraceNoAlloc (byte*,int,string)
UnityEngine.StackTraceUtility:ExtractStackTrace () (at C:/build/output/unity/unity/Runtime/Export/Scripting/StackTrace.cs:23)
UnityEngine.DebugLogHandler:Internal_Log (UnityEngine.LogType,UnityEngine.LogOption,string,UnityEngine.Object)
UnityEngine.DebugLogHandler:LogFormat (UnityEngine.LogType,UnityEngine.Object,string,object[]) (at C:/build/output/unity/unity/Runtime/Export/Logging/DebugLogHandler.cs:9)
UnityEngine.Logger:Log (UnityEngine.LogType,object) (at C:/build/output/unity/unity/Runtime/Export/Logging/Logger.cs:60)
UnityEngine.Debug:Log (object) (at C:/build/output/unity/unity/Runtime/Export/Debug/Debug.bindings.cs:130)
VuonNho.Views.QaChecklist:Check (string,bool,string) (at C:/Users/PC/Desktop/Game/VuonNho/Assets/Scripts/Views/QaChecklist.cs:2078)
VuonNho.Views.QaChecklist/<CheckOfflineCtaFitsItsText>d__36:MoveNext () (at C:/Users/PC/Desktop/Game/VuonNho/Assets/Scripts/Views/QaChecklist.cs:1439)
UnityEngine.SetupCoroutine:InvokeMoveNext (System.Collections.IEnumerator,intptr) (at C:/build/output/unity/unity/Runtime/Export/Scripting/Coroutines.cs:17)

(Filename: C:/build/output/unity/unity/Runtime/Export/Debug/Debug.bindings.cs Line: 130)

[QA] PASS Modal BlockedModal có lối thoát bấm được | BlockedModal/Card/Actions/Settings, BlockedModal/Card/Actions/Quit
UnityEngine.Debug:ExtractStackTraceNoAlloc (byte*,int,string)
UnityEngine.StackTraceUtility:ExtractStackTrace () (at C:/build/output/unity/unity/Runtime/Export/Scripting/StackTrace.cs:23)
UnityEngine.DebugLogHandler:Internal_Log (UnityEngine.LogType,UnityEngine.LogOption,string,UnityEngine.Object)
UnityEngine.DebugLogHandler:LogFormat (UnityEngine.LogType,UnityEngine.Object,string,object[]) (at C:/build/output/unity/unity/Runtime/Export/Logging/DebugLogHandler.cs:9)
UnityEngine.Logger:Log (UnityEngine.LogType,object) (at C:/build/output/unity/unity/Runtime/Export/Logging/Logger.cs:60)
UnityEngine.Debug:Log (object) (at C:/build/output/unity/unity/Runtime/Export/Debug/Debug.bindings.cs:130)
VuonNho.Views.QaChecklist:Check (string,bool,string) (at C:/Users/PC/Desktop/Game/VuonNho/Assets/Scripts/Views/QaChecklist.cs:2078)
VuonNho.Views.QaChecklist/<CheckModalHasEscape>d__39:MoveNext () (at C:/Users/PC/Desktop/Game/VuonNho/Assets/Scripts/Views/QaChecklist.cs:1492)
UnityEngine.SetupCoroutine:InvokeMoveNext (System.Collections.IEnumerator,intptr) (at C:/build/output/unity/unity/Runtime/Export/Scripting/Coroutines.cs:17)

(Filename: C:/build/output/unity/unity/Runtime/Export/Debug/Debug.bindings.cs Line: 130)

[QA] PASS Nút điều hướng mở inventory | HudCanvas/FarmHud/LeftRail/InventoryButton; graphic trên cùng: HudCanvas/FarmHud/LeftRail/InventoryButton; click handler: HudCanvas/FarmHud/LeftRail/InventoryButton
UnityEngine.Debug:ExtractStackTraceNoAlloc (byte*,int,string)
UnityEngine.StackTraceUtility:ExtractStackTrace () (at C:/build/output/unity/unity/Runtime/Export/Scripting/StackTrace.cs:23)
UnityEngine.DebugLogHandler:Internal_Log (UnityEngine.LogType,UnityEngine.LogOption,string,UnityEngine.Object)
UnityEngine.DebugLogHandler:LogFormat (UnityEngine.LogType,UnityEngine.Object,string,object[]) (at C:/build/output/unity/unity/Runtime/Export/Logging/DebugLogHandler.cs:9)
UnityEngine.Logger:Log (UnityEngine.LogType,object) (at C:/build/output/unity/unity/Runtime/Export/Logging/Logger.cs:60)
UnityEngine.Debug:Log (object) (at C:/build/output/unity/unity/Runtime/Export/Debug/Debug.bindings.cs:130)
VuonNho.Views.QaChecklist:Check (string,bool,string) (at C:/Users/PC/Desktop/Game/VuonNho/Assets/Scripts/Views/QaChecklist.cs:2078)
VuonNho.Views.QaChecklist/<RunUiChecks>d__34:MoveNext () (at C:/Users/PC/Desktop/Game/VuonNho/Assets/Scripts/Views/QaChecklist.cs:1367)
UnityEngine.SetupCoroutine:InvokeMoveNext (System.Collections.IEnumerator,intptr) (at C:/build/output/unity/unity/Runtime/Export/Scripting/Coroutines.cs:17)

(Filename: C:/build/output/unity/unity/Runtime/Export/Debug/Debug.bindings.cs Line: 130)

[QA] PASS Mở được bề mặt inventory
UnityEngine.Debug:ExtractStackTraceNoAlloc (byte*,int,string)
UnityEngine.StackTraceUtility:ExtractStackTrace () (at C:/build/output/unity/unity/Runtime/Export/Scripting/StackTrace.cs:23)
UnityEngine.DebugLogHandler:Internal_Log (UnityEngine.LogType,UnityEngine.LogOption,string,UnityEngine.Object)
UnityEngine.DebugLogHandler:LogFormat (UnityEngine.LogType,UnityEngine.Object,string,object[]) (at C:/build/output/unity/unity/Runtime/Export/Logging/DebugLogHandler.cs:9)
UnityEngine.Logger:Log (UnityEngine.LogType,object) (at C:/build/output/unity/unity/Runtime/Export/Logging/Logger.cs:60)
UnityEngine.Debug:Log (object) (at C:/build/output/unity/unity/Runtime/Export/Debug/Debug.bindings.cs:130)
VuonNho.Views.QaChecklist:Check (string,bool,string) (at C:/Users/PC/Desktop/Game/VuonNho/Assets/Scripts/Views/QaChecklist.cs:2078)
VuonNho.Views.QaChecklist/<RunUiChecks>d__34:MoveNext () (at C:/Users/PC/Desktop/Game/VuonNho/Assets/Scripts/Views/QaChecklist.cs:1372)
UnityEngine.SetupCoroutine:InvokeMoveNext (System.Collections.IEnumerator,intptr) (at C:/build/output/unity/unity/Runtime/Export/Scripting/Coroutines.cs:17)

(Filename: C:/build/output/unity/unity/Runtime/Export/Debug/Debug.bindings.cs Line: 130)

[QA] PASS Chữ không tràn khỏi ô chứa — inventory | 106 nhãn
UnityEngine.Debug:ExtractStackTraceNoAlloc (byte*,int,string)
UnityEngine.StackTraceUtility:ExtractStackTrace () (at C:/build/output/unity/unity/Runtime/Export/Scripting/StackTrace.cs:23)
UnityEngine.DebugLogHandler:Internal_Log (UnityEngine.LogType,UnityEngine.LogOption,string,UnityEngine.Object)
UnityEngine.DebugLogHandler:LogFormat (UnityEngine.LogType,UnityEngine.Object,string,object[]) (at C:/build/output/unity/unity/Runtime/Export/Logging/DebugLogHandler.cs:9)
UnityEngine.Logger:Log (UnityEngine.LogType,object) (at C:/build/output/unity/unity/Runtime/Export/Logging/Logger.cs:60)
UnityEngine.Debug:Log (object) (at C:/build/output/unity/unity/Runtime/Export/Debug/Debug.bindings.cs:130)
VuonNho.Views.QaChecklist:Check (string,bool,string) (at C:/Users/PC/Desktop/Game/VuonNho/Assets/Scripts/Views/QaChecklist.cs:2078)
VuonNho.Views.QaChecklist:CheckTextOverflow (string,UnityEngine.RectTransform) (at C:/Users/PC/Desktop/Game/VuonNho/Assets/Scripts/Views/QaChecklist.cs:1674)
VuonNho.Views.QaChecklist/<RunUiChecks>d__34:MoveNext () (at C:/Users/PC/Desktop/Game/VuonNho/Assets/Scripts/Views/QaChecklist.cs:1375)
UnityEngine.SetupCoroutine:InvokeMoveNext (System.Collections.IEnumerator,intptr) (at C:/build/output/unity/unity/Runtime/Export/Scripting/Coroutines.cs:17)

(Filename: C:/build/output/unity/unity/Runtime/Export/Debug/Debug.bindings.cs Line: 130)

[QA] PASS Click trên inventory bị UI chặn, không xuống tới vườn | UI nhận click: InventoryPanel; đối tượng nhận sự kiện pointer: không có; nếu không chặn sẽ trúng WorkshopFence
UnityEngine.Debug:ExtractStackTraceNoAlloc (byte*,int,string)
UnityEngine.StackTraceUtility:ExtractStackTrace () (at C:/build/output/unity/unity/Runtime/Export/Scripting/StackTrace.cs:23)
UnityEngine.DebugLogHandler:Internal_Log (UnityEngine.LogType,UnityEngine.LogOption,string,UnityEngine.Object)
UnityEngine.DebugLogHandler:LogFormat (UnityEngine.LogType,UnityEngine.Object,string,object[]) (at C:/build/output/unity/unity/Runtime/Export/Logging/DebugLogHandler.cs:9)
UnityEngine.Logger:Log (UnityEngine.LogType,object) (at C:/build/output/unity/unity/Runtime/Export/Logging/Logger.cs:60)
UnityEngine.Debug:Log (object) (at C:/build/output/unity/unity/Runtime/Export/Debug/Debug.bindings.cs:130)
VuonNho.Views.QaChecklist:Check (string,bool,string) (at C:/Users/PC/Desktop/Game/VuonNho/Assets/Scripts/Views/QaChecklist.cs:2078)
VuonNho.Views.QaChecklist:CheckBlocksClicks (string,UnityEngine.RectTransform) (at C:/Users/PC/Desktop/Game/VuonNho/Assets/Scripts/Views/QaChecklist.cs:1708)
VuonNho.Views.QaChecklist/<RunUiChecks>d__34:MoveNext () (at C:/Users/PC/Desktop/Game/VuonNho/Assets/Scripts/Views/QaChecklist.cs:1376)
UnityEngine.SetupCoroutine:InvokeMoveNext (System.Collections.IEnumerator,intptr) (at C:/build/output/unity/unity/Runtime/Export/Scripting/Coroutines.cs:17)

(Filename: C:/build/output/unity/unity/Runtime/Export/Debug/Debug.bindings.cs Line: 130)

[QA] PASS inventory không che hồ sơ, xu và số thợ | ba thẻ trên cùng vẫn nhìn thấy
UnityEngine.Debug:ExtractStackTraceNoAlloc (byte*,int,string)
UnityEngine.StackTraceUtility:ExtractStackTrace () (at C:/build/output/unity/unity/Runtime/Export/Scripting/StackTrace.cs:23)
UnityEngine.DebugLogHandler:Internal_Log (UnityEngine.LogType,UnityEngine.LogOption,string,UnityEngine.Object)
UnityEngine.DebugLogHandler:LogFormat (UnityEngine.LogType,UnityEngine.Object,string,object[]) (at C:/build/output/unity/unity/Runtime/Export/Logging/DebugLogHandler.cs:9)
UnityEngine.Logger:Log (UnityEngine.LogType,object) (at C:/build/output/unity/unity/Runtime/Export/Logging/Logger.cs:60)
UnityEngine.Debug:Log (object) (at C:/build/output/unity/unity/Runtime/Export/Debug/Debug.bindings.cs:130)
VuonNho.Views.QaChecklist:Check (string,bool,string) (at C:/Users/PC/Desktop/Game/VuonNho/Assets/Scripts/Views/QaChecklist.cs:2078)
VuonNho.Views.QaChecklist:CheckDoesNotCoverTopCounters (string,UnityEngine.RectTransform) (at C:/Users/PC/Desktop/Game/VuonNho/Assets/Scripts/Views/QaChecklist.cs:1937)
VuonNho.Views.QaChecklist/<RunUiChecks>d__34:MoveNext () (at C:/Users/PC/Desktop/Game/VuonNho/Assets/Scripts/Views/QaChecklist.cs:1378)
UnityEngine.SetupCoroutine:InvokeMoveNext (System.Collections.IEnumerator,intptr) (at C:/build/output/unity/unity/Runtime/Export/Scripting/Coroutines.cs:17)

(Filename: C:/build/output/unity/unity/Runtime/Export/Debug/Debug.bindings.cs Line: 130)

[QA] PASS Nút đóng nhận click thật và đóng bề mặt inventory | HudCanvas/InventoryPanel/Close; graphic trên cùng: HudCanvas/InventoryPanel/Close; click handler: HudCanvas/InventoryPanel/Close
UnityEngine.Debug:ExtractStackTraceNoAlloc (byte*,int,string)
UnityEngine.StackTraceUtility:ExtractStackTrace () (at C:/build/output/unity/unity/Runtime/Export/Scripting/StackTrace.cs:23)
UnityEngine.DebugLogHandler:Internal_Log (UnityEngine.LogType,UnityEngine.LogOption,string,UnityEngine.Object)
UnityEngine.DebugLogHandler:LogFormat (UnityEngine.LogType,UnityEngine.Object,string,object[]) (at C:/build/output/unity/unity/Runtime/Export/Logging/DebugLogHandler.cs:9)
UnityEngine.Logger:Log (UnityEngine.LogType,object) (at C:/build/output/unity/unity/Runtime/Export/Logging/Logger.cs:60)
UnityEngine.Debug:Log (object) (at C:/build/output/unity/unity/Runtime/Export/Debug/Debug.bindings.cs:130)
VuonNho.Views.QaChecklist:Check (string,bool,string) (at C:/Users/PC/Desktop/Game/VuonNho/Assets/Scripts/Views/QaChecklist.cs:2078)
VuonNho.Views.QaChecklist:CheckButtonReceivesClick (string,UnityEngine.RectTransform) (at C:/Users/PC/Desktop/Game/VuonNho/Assets/Scripts/Views/QaChecklist.cs:1522)
VuonNho.Views.QaChecklist/<RunUiChecks>d__34:MoveNext () (at C:/Users/PC/Desktop/Game/VuonNho/Assets/Scripts/Views/QaChecklist.cs:1379)
UnityEngine.SetupCoroutine:InvokeMoveNext (System.Collections.IEnumerator,intptr) (at C:/build/output/unity/unity/Runtime/Export/Scripting/Coroutines.cs:17)

(Filename: C:/build/output/unity/unity/Runtime/Export/Debug/Debug.bindings.cs Line: 130)

[QA] PASS Nút điều hướng mở upgrade | HudCanvas/FarmHud/LeftRail/UpgradeButton; graphic trên cùng: HudCanvas/FarmHud/LeftRail/UpgradeButton; click handler: HudCanvas/FarmHud/LeftRail/UpgradeButton
UnityEngine.Debug:ExtractStackTraceNoAlloc (byte*,int,string)
UnityEngine.StackTraceUtility:ExtractStackTrace () (at C:/build/output/unity/unity/Runtime/Export/Scripting/StackTrace.cs:23)
UnityEngine.DebugLogHandler:Internal_Log (UnityEngine.LogType,UnityEngine.LogOption,string,UnityEngine.Object)
UnityEngine.DebugLogHandler:LogFormat (UnityEngine.LogType,UnityEngine.Object,string,object[]) (at C:/build/output/unity/unity/Runtime/Export/Logging/DebugLogHandler.cs:9)
UnityEngine.Logger:Log (UnityEngine.LogType,object) (at C:/build/output/unity/unity/Runtime/Export/Logging/Logger.cs:60)
UnityEngine.Debug:Log (object) (at C:/build/output/unity/unity/Runtime/Export/Debug/Debug.bindings.cs:130)
VuonNho.Views.QaChecklist:Check (string,bool,string) (at C:/Users/PC/Desktop/Game/VuonNho/Assets/Scripts/Views/QaChecklist.cs:2078)
VuonNho.Views.QaChecklist/<RunUiChecks>d__34:MoveNext () (at C:/Users/PC/Desktop/Game/VuonNho/Assets/Scripts/Views/QaChecklist.cs:1367)
UnityEngine.SetupCoroutine:InvokeMoveNext (System.Collections.IEnumerator,intptr) (at C:/build/output/unity/unity/Runtime/Export/Scripting/Coroutines.cs:17)

(Filename: C:/build/output/unity/unity/Runtime/Export/Debug/Debug.bindings.cs Line: 130)

[QA] PASS Mở được bề mặt upgrade
UnityEngine.Debug:ExtractStackTraceNoAlloc (byte*,int,string)
UnityEngine.StackTraceUtility:ExtractStackTrace () (at C:/build/output/unity/unity/Runtime/Export/Scripting/StackTrace.cs:23)
UnityEngine.DebugLogHandler:Internal_Log (UnityEngine.LogType,UnityEngine.LogOption,string,UnityEngine.Object)
UnityEngine.DebugLogHandler:LogFormat (UnityEngine.LogType,UnityEngine.Object,string,object[]) (at C:/build/output/unity/unity/Runtime/Export/Logging/DebugLogHandler.cs:9)
UnityEngine.Logger:Log (UnityEngine.LogType,object) (at C:/build/output/unity/unity/Runtime/Export/Logging/Logger.cs:60)
UnityEngine.Debug:Log (object) (at C:/build/output/unity/unity/Runtime/Export/Debug/Debug.bindings.cs:130)
VuonNho.Views.QaChecklist:Check (string,bool,string) (at C:/Users/PC/Desktop/Game/VuonNho/Assets/Scripts/Views/QaChecklist.cs:2078)
VuonNho.Views.QaChecklist/<RunUiChecks>d__34:MoveNext () (at C:/Users/PC/Desktop/Game/VuonNho/Assets/Scripts/Views/QaChecklist.cs:1372)
UnityEngine.SetupCoroutine:InvokeMoveNext (System.Collections.IEnumerator,intptr) (at C:/build/output/unity/unity/Runtime/Export/Scripting/Coroutines.cs:17)

(Filename: C:/build/output/unity/unity/Runtime/Export/Debug/Debug.bindings.cs Line: 130)

[QA] PASS Chữ không tràn khỏi ô chứa — upgrade | 87 nhãn
UnityEngine.Debug:ExtractStackTraceNoAlloc (byte*,int,string)
UnityEngine.StackTraceUtility:ExtractStackTrace () (at C:/build/output/unity/unity/Runtime/Export/Scripting/StackTrace.cs:23)
UnityEngine.DebugLogHandler:Internal_Log (UnityEngine.LogType,UnityEngine.LogOption,string,UnityEngine.Object)
UnityEngine.DebugLogHandler:LogFormat (UnityEngine.LogType,UnityEngine.Object,string,object[]) (at C:/build/output/unity/unity/Runtime/Export/Logging/DebugLogHandler.cs:9)
UnityEngine.Logger:Log (UnityEngine.LogType,object) (at C:/build/output/unity/unity/Runtime/Export/Logging/Logger.cs:60)
UnityEngine.Debug:Log (object) (at C:/build/output/unity/unity/Runtime/Export/Debug/Debug.bindings.cs:130)
VuonNho.Views.QaChecklist:Check (string,bool,string) (at C:/Users/PC/Desktop/Game/VuonNho/Assets/Scripts/Views/QaChecklist.cs:2078)
VuonNho.Views.QaChecklist:CheckTextOverflow (string,UnityEngine.RectTransform) (at C:/Users/PC/Desktop/Game/VuonNho/Assets/Scripts/Views/QaChecklist.cs:1674)
VuonNho.Views.QaChecklist/<RunUiChecks>d__34:MoveNext () (at C:/Users/PC/Desktop/Game/VuonNho/Assets/Scripts/Views/QaChecklist.cs:1375)
UnityEngine.SetupCoroutine:InvokeMoveNext (System.Collections.IEnumerator,intptr) (at C:/build/output/unity/unity/Runtime/Export/Scripting/Coroutines.cs:17)

(Filename: C:/build/output/unity/unity/Runtime/Export/Debug/Debug.bindings.cs Line: 130)

[QA] PASS Click trên upgrade bị UI chặn, không xuống tới vườn | UI nhận click: UpgradePanel; đối tượng nhận sự kiện pointer: không có; nếu không chặn sẽ trúng WorkshopFence
UnityEngine.Debug:ExtractStackTraceNoAlloc (byte*,int,string)
UnityEngine.StackTraceUtility:ExtractStackTrace () (at C:/build/output/unity/unity/Runtime/Export/Scripting/StackTrace.cs:23)
UnityEngine.DebugLogHandler:Internal_Log (UnityEngine.LogType,UnityEngine.LogOption,string,UnityEngine.Object)
UnityEngine.DebugLogHandler:LogFormat (UnityEngine.LogType,UnityEngine.Object,string,object[]) (at C:/build/output/unity/unity/Runtime/Export/Logging/DebugLogHandler.cs:9)
UnityEngine.Logger:Log (UnityEngine.LogType,object) (at C:/build/output/unity/unity/Runtime/Export/Logging/Logger.cs:60)
UnityEngine.Debug:Log (object) (at C:/build/output/unity/unity/Runtime/Export/Debug/Debug.bindings.cs:130)
VuonNho.Views.QaChecklist:Check (string,bool,string) (at C:/Users/PC/Desktop/Game/VuonNho/Assets/Scripts/Views/QaChecklist.cs:2078)
VuonNho.Views.QaChecklist:CheckBlocksClicks (string,UnityEngine.RectTransform) (at C:/Users/PC/Desktop/Game/VuonNho/Assets/Scripts/Views/QaChecklist.cs:1708)
VuonNho.Views.QaChecklist/<RunUiChecks>d__34:MoveNext () (at C:/Users/PC/Desktop/Game/VuonNho/Assets/Scripts/Views/QaChecklist.cs:1376)
UnityEngine.SetupCoroutine:InvokeMoveNext (System.Collections.IEnumerator,intptr) (at C:/build/output/unity/unity/Runtime/Export/Scripting/Coroutines.cs:17)

(Filename: C:/build/output/unity/unity/Runtime/Export/Debug/Debug.bindings.cs Line: 130)

[QA] PASS upgrade không che hồ sơ, xu và số thợ | ba thẻ trên cùng vẫn nhìn thấy
UnityEngine.Debug:ExtractStackTraceNoAlloc (byte*,int,string)
UnityEngine.StackTraceUtility:ExtractStackTrace () (at C:/build/output/unity/unity/Runtime/Export/Scripting/StackTrace.cs:23)
UnityEngine.DebugLogHandler:Internal_Log (UnityEngine.LogType,UnityEngine.LogOption,string,UnityEngine.Object)
UnityEngine.DebugLogHandler:LogFormat (UnityEngine.LogType,UnityEngine.Object,string,object[]) (at C:/build/output/unity/unity/Runtime/Export/Logging/DebugLogHandler.cs:9)
UnityEngine.Logger:Log (UnityEngine.LogType,object) (at C:/build/output/unity/unity/Runtime/Export/Logging/Logger.cs:60)
UnityEngine.Debug:Log (object) (at C:/build/output/unity/unity/Runtime/Export/Debug/Debug.bindings.cs:130)
VuonNho.Views.QaChecklist:Check (string,bool,string) (at C:/Users/PC/Desktop/Game/VuonNho/Assets/Scripts/Views/QaChecklist.cs:2078)
VuonNho.Views.QaChecklist:CheckDoesNotCoverTopCounters (string,UnityEngine.RectTransform) (at C:/Users/PC/Desktop/Game/VuonNho/Assets/Scripts/Views/QaChecklist.cs:1937)
VuonNho.Views.QaChecklist/<RunUiChecks>d__34:MoveNext () (at C:/Users/PC/Desktop/Game/VuonNho/Assets/Scripts/Views/QaChecklist.cs:1378)
UnityEngine.SetupCoroutine:InvokeMoveNext (System.Collections.IEnumerator,intptr) (at C:/build/output/unity/unity/Runtime/Export/Scripting/Coroutines.cs:17)

(Filename: C:/build/output/unity/unity/Runtime/Export/Debug/Debug.bindings.cs Line: 130)

[QA] PASS Nút đóng nhận click thật và đóng bề mặt upgrade | HudCanvas/UpgradePanel/Close; graphic trên cùng: HudCanvas/UpgradePanel/Close; click handler: HudCanvas/UpgradePanel/Close
UnityEngine.Debug:ExtractStackTraceNoAlloc (byte*,int,string)
UnityEngine.StackTraceUtility:ExtractStackTrace () (at C:/build/output/unity/unity/Runtime/Export/Scripting/StackTrace.cs:23)
UnityEngine.DebugLogHandler:Internal_Log (UnityEngine.LogType,UnityEngine.LogOption,string,UnityEngine.Object)
UnityEngine.DebugLogHandler:LogFormat (UnityEngine.LogType,UnityEngine.Object,string,object[]) (at C:/build/output/unity/unity/Runtime/Export/Logging/DebugLogHandler.cs:9)
UnityEngine.Logger:Log (UnityEngine.LogType,object) (at C:/build/output/unity/unity/Runtime/Export/Logging/Logger.cs:60)
UnityEngine.Debug:Log (object) (at C:/build/output/unity/unity/Runtime/Export/Debug/Debug.bindings.cs:130)
VuonNho.Views.QaChecklist:Check (string,bool,string) (at C:/Users/PC/Desktop/Game/VuonNho/Assets/Scripts/Views/QaChecklist.cs:2078)
VuonNho.Views.QaChecklist:CheckButtonReceivesClick (string,UnityEngine.RectTransform) (at C:/Users/PC/Desktop/Game/VuonNho/Assets/Scripts/Views/QaChecklist.cs:1522)
VuonNho.Views.QaChecklist/<RunUiChecks>d__34:MoveNext () (at C:/Users/PC/Desktop/Game/VuonNho/Assets/Scripts/Views/QaChecklist.cs:1379)
UnityEngine.SetupCoroutine:InvokeMoveNext (System.Collections.IEnumerator,intptr) (at C:/build/output/unity/unity/Runtime/Export/Scripting/Coroutines.cs:17)

(Filename: C:/build/output/unity/unity/Runtime/Export/Debug/Debug.bindings.cs Line: 130)

[QA] PASS Nút điều hướng mở decorate | HudCanvas/FarmHud/LeftRail/DecorateButton; graphic trên cùng: HudCanvas/FarmHud/LeftRail/DecorateButton; click handler: HudCanvas/FarmHud/LeftRail/DecorateButton
UnityEngine.Debug:ExtractStackTraceNoAlloc (byte*,int,string)
UnityEngine.StackTraceUtility:ExtractStackTrace () (at C:/build/output/unity/unity/Runtime/Export/Scripting/StackTrace.cs:23)
UnityEngine.DebugLogHandler:Internal_Log (UnityEngine.LogType,UnityEngine.LogOption,string,UnityEngine.Object)
UnityEngine.DebugLogHandler:LogFormat (UnityEngine.LogType,UnityEngine.Object,string,object[]) (at C:/build/output/unity/unity/Runtime/Export/Logging/DebugLogHandler.cs:9)
UnityEngine.Logger:Log (UnityEngine.LogType,object) (at C:/build/output/unity/unity/Runtime/Export/Logging/Logger.cs:60)
UnityEngine.Debug:Log (object) (at C:/build/output/unity/unity/Runtime/Export/Debug/Debug.bindings.cs:130)
VuonNho.Views.QaChecklist:Check (string,bool,string) (at C:/Users/PC/Desktop/Game/VuonNho/Assets/Scripts/Views/QaChecklist.cs:2078)
VuonNho.Views.QaChecklist/<RunUiChecks>d__34:MoveNext () (at C:/Users/PC/Desktop/Game/VuonNho/Assets/Scripts/Views/QaChecklist.cs:1367)
UnityEngine.SetupCoroutine:InvokeMoveNext (System.Collections.IEnumerator,intptr) (at C:/build/output/unity/unity/Runtime/Export/Scripting/Coroutines.cs:17)

(Filename: C:/build/output/unity/unity/Runtime/Export/Debug/Debug.bindings.cs Line: 130)

[QA] PASS Mở được bề mặt decorate
UnityEngine.Debug:ExtractStackTraceNoAlloc (byte*,int,string)
UnityEngine.StackTraceUtility:ExtractStackTrace () (at C:/build/output/unity/unity/Runtime/Export/Scripting/StackTrace.cs:23)
UnityEngine.DebugLogHandler:Internal_Log (UnityEngine.LogType,UnityEngine.LogOption,string,UnityEngine.Object)
UnityEngine.DebugLogHandler:LogFormat (UnityEngine.LogType,UnityEngine.Object,string,object[]) (at C:/build/output/unity/unity/Runtime/Export/Logging/DebugLogHandler.cs:9)
UnityEngine.Logger:Log (UnityEngine.LogType,object) (at C:/build/output/unity/unity/Runtime/Export/Logging/Logger.cs:60)
UnityEngine.Debug:Log (object) (at C:/build/output/unity/unity/Runtime/Export/Debug/Debug.bindings.cs:130)
VuonNho.Views.QaChecklist:Check (string,bool,string) (at C:/Users/PC/Desktop/Game/VuonNho/Assets/Scripts/Views/QaChecklist.cs:2078)
VuonNho.Views.QaChecklist/<RunUiChecks>d__34:MoveNext () (at C:/Users/PC/Desktop/Game/VuonNho/Assets/Scripts/Views/QaChecklist.cs:1372)
UnityEngine.SetupCoroutine:InvokeMoveNext (System.Collections.IEnumerator,intptr) (at C:/build/output/unity/unity/Runtime/Export/Scripting/Coroutines.cs:17)

(Filename: C:/build/output/unity/unity/Runtime/Export/Debug/Debug.bindings.cs Line: 130)

[QA] PASS Chữ không tràn khỏi ô chứa — decorate | 30 nhãn
UnityEngine.Debug:ExtractStackTraceNoAlloc (byte*,int,string)
UnityEngine.StackTraceUtility:ExtractStackTrace () (at C:/build/output/unity/unity/Runtime/Export/Scripting/StackTrace.cs:23)
UnityEngine.DebugLogHandler:Internal_Log (UnityEngine.LogType,UnityEngine.LogOption,string,UnityEngine.Object)
UnityEngine.DebugLogHandler:LogFormat (UnityEngine.LogType,UnityEngine.Object,string,object[]) (at C:/build/output/unity/unity/Runtime/Export/Logging/DebugLogHandler.cs:9)
UnityEngine.Logger:Log (UnityEngine.LogType,object) (at C:/build/output/unity/unity/Runtime/Export/Logging/Logger.cs:60)
UnityEngine.Debug:Log (object) (at C:/build/output/unity/unity/Runtime/Export/Debug/Debug.bindings.cs:130)
VuonNho.Views.QaChecklist:Check (string,bool,string) (at C:/Users/PC/Desktop/Game/VuonNho/Assets/Scripts/Views/QaChecklist.cs:2078)
VuonNho.Views.QaChecklist:CheckTextOverflow (string,UnityEngine.RectTransform) (at C:/Users/PC/Desktop/Game/VuonNho/Assets/Scripts/Views/QaChecklist.cs:1674)
VuonNho.Views.QaChecklist/<RunUiChecks>d__34:MoveNext () (at C:/Users/PC/Desktop/Game/VuonNho/Assets/Scripts/Views/QaChecklist.cs:1375)
UnityEngine.SetupCoroutine:InvokeMoveNext (System.Collections.IEnumerator,intptr) (at C:/build/output/unity/unity/Runtime/Export/Scripting/Coroutines.cs:17)

(Filename: C:/build/output/unity/unity/Runtime/Export/Debug/Debug.bindings.cs Line: 130)

[QA] PASS Click trên decorate bị UI chặn, không xuống tới vườn | UI nhận click: Row_deco_planter; đối tượng nhận sự kiện pointer: không có; nếu không chặn sẽ trúng WorkshopFence
UnityEngine.Debug:ExtractStackTraceNoAlloc (byte*,int,string)
UnityEngine.StackTraceUtility:ExtractStackTrace () (at C:/build/output/unity/unity/Runtime/Export/Scripting/StackTrace.cs:23)
UnityEngine.DebugLogHandler:Internal_Log (UnityEngine.LogType,UnityEngine.LogOption,string,UnityEngine.Object)
UnityEngine.DebugLogHandler:LogFormat (UnityEngine.LogType,UnityEngine.Object,string,object[]) (at C:/build/output/unity/unity/Runtime/Export/Logging/DebugLogHandler.cs:9)
UnityEngine.Logger:Log (UnityEngine.LogType,object) (at C:/build/output/unity/unity/Runtime/Export/Logging/Logger.cs:60)
UnityEngine.Debug:Log (object) (at C:/build/output/unity/unity/Runtime/Export/Debug/Debug.bindings.cs:130)
VuonNho.Views.QaChecklist:Check (string,bool,string) (at C:/Users/PC/Desktop/Game/VuonNho/Assets/Scripts/Views/QaChecklist.cs:2078)
VuonNho.Views.QaChecklist:CheckBlocksClicks (string,UnityEngine.RectTransform) (at C:/Users/PC/Desktop/Game/VuonNho/Assets/Scripts/Views/QaChecklist.cs:1708)
VuonNho.Views.QaChecklist/<RunUiChecks>d__34:MoveNext () (at C:/Users/PC/Desktop/Game/VuonNho/Assets/Scripts/Views/QaChecklist.cs:1376)
UnityEngine.SetupCoroutine:InvokeMoveNext (System.Collections.IEnumerator,intptr) (at C:/build/output/unity/unity/Runtime/Export/Scripting/Coroutines.cs:17)

(Filename: C:/build/output/unity/unity/Runtime/Export/Debug/Debug.bindings.cs Line: 130)

[QA] PASS decorate không che hồ sơ, xu và số thợ | ba thẻ trên cùng vẫn nhìn thấy
UnityEngine.Debug:ExtractStackTraceNoAlloc (byte*,int,string)
UnityEngine.StackTraceUtility:ExtractStackTrace () (at C:/build/output/unity/unity/Runtime/Export/Scripting/StackTrace.cs:23)
UnityEngine.DebugLogHandler:Internal_Log (UnityEngine.LogType,UnityEngine.LogOption,string,UnityEngine.Object)
UnityEngine.DebugLogHandler:LogFormat (UnityEngine.LogType,UnityEngine.Object,string,object[]) (at C:/build/output/unity/unity/Runtime/Export/Logging/DebugLogHandler.cs:9)
UnityEngine.Logger:Log (UnityEngine.LogType,object) (at C:/build/output/unity/unity/Runtime/Export/Logging/Logger.cs:60)
UnityEngine.Debug:Log (object) (at C:/build/output/unity/unity/Runtime/Export/Debug/Debug.bindings.cs:130)
VuonNho.Views.QaChecklist:Check (string,bool,string) (at C:/Users/PC/Desktop/Game/VuonNho/Assets/Scripts/Views/QaChecklist.cs:2078)
VuonNho.Views.QaChecklist:CheckDoesNotCoverTopCounters (string,UnityEngine.RectTransform) (at C:/Users/PC/Desktop/Game/VuonNho/Assets/Scripts/Views/QaChecklist.cs:1937)
VuonNho.Views.QaChecklist/<RunUiChecks>d__34:MoveNext () (at C:/Users/PC/Desktop/Game/VuonNho/Assets/Scripts/Views/QaChecklist.cs:1378)
UnityEngine.SetupCoroutine:InvokeMoveNext (System.Collections.IEnumerator,intptr) (at C:/build/output/unity/unity/Runtime/Export/Scripting/Coroutines.cs:17)

(Filename: C:/build/output/unity/unity/Runtime/Export/Debug/Debug.bindings.cs Line: 130)

[QA] PASS Nút đóng nhận click thật và đóng bề mặt decorate | HudCanvas/DecoratePanel/Close; graphic trên cùng: HudCanvas/DecoratePanel/Close; click handler: HudCanvas/DecoratePanel/Close
UnityEngine.Debug:ExtractStackTraceNoAlloc (byte*,int,string)
UnityEngine.StackTraceUtility:ExtractStackTrace () (at C:/build/output/unity/unity/Runtime/Export/Scripting/StackTrace.cs:23)
UnityEngine.DebugLogHandler:Internal_Log (UnityEngine.LogType,UnityEngine.LogOption,string,UnityEngine.Object)
UnityEngine.DebugLogHandler:LogFormat (UnityEngine.LogType,UnityEngine.Object,string,object[]) (at C:/build/output/unity/unity/Runtime/Export/Logging/DebugLogHandler.cs:9)
UnityEngine.Logger:Log (UnityEngine.LogType,object) (at C:/build/output/unity/unity/Runtime/Export/Logging/Logger.cs:60)
UnityEngine.Debug:Log (object) (at C:/build/output/unity/unity/Runtime/Export/Debug/Debug.bindings.cs:130)
VuonNho.Views.QaChecklist:Check (string,bool,string) (at C:/Users/PC/Desktop/Game/VuonNho/Assets/Scripts/Views/QaChecklist.cs:2078)
VuonNho.Views.QaChecklist:CheckButtonReceivesClick (string,UnityEngine.RectTransform) (at C:/Users/PC/Desktop/Game/VuonNho/Assets/Scripts/Views/QaChecklist.cs:1522)
VuonNho.Views.QaChecklist/<RunUiChecks>d__34:MoveNext () (at C:/Users/PC/Desktop/Game/VuonNho/Assets/Scripts/Views/QaChecklist.cs:1379)
UnityEngine.SetupCoroutine:InvokeMoveNext (System.Collections.IEnumerator,intptr) (at C:/build/output/unity/unity/Runtime/Export/Scripting/Coroutines.cs:17)

(Filename: C:/build/output/unity/unity/Runtime/Export/Debug/Debug.bindings.cs Line: 130)

[QA] PASS Nút điều hướng mở workshop | HudCanvas/FarmHud/WorkshopButton; graphic trên cùng: HudCanvas/FarmHud/WorkshopButton; click handler: HudCanvas/FarmHud/WorkshopButton
UnityEngine.Debug:ExtractStackTraceNoAlloc (byte*,int,string)
UnityEngine.StackTraceUtility:ExtractStackTrace () (at C:/build/output/unity/unity/Runtime/Export/Scripting/StackTrace.cs:23)
UnityEngine.DebugLogHandler:Internal_Log (UnityEngine.LogType,UnityEngine.LogOption,string,UnityEngine.Object)
UnityEngine.DebugLogHandler:LogFormat (UnityEngine.LogType,UnityEngine.Object,string,object[]) (at C:/build/output/unity/unity/Runtime/Export/Logging/DebugLogHandler.cs:9)
UnityEngine.Logger:Log (UnityEngine.LogType,object) (at C:/build/output/unity/unity/Runtime/Export/Logging/Logger.cs:60)
UnityEngine.Debug:Log (object) (at C:/build/output/unity/unity/Runtime/Export/Debug/Debug.bindings.cs:130)
VuonNho.Views.QaChecklist:Check (string,bool,string) (at C:/Users/PC/Desktop/Game/VuonNho/Assets/Scripts/Views/QaChecklist.cs:2078)
VuonNho.Views.QaChecklist/<RunUiChecks>d__34:MoveNext () (at C:/Users/PC/Desktop/Game/VuonNho/Assets/Scripts/Views/QaChecklist.cs:1367)
UnityEngine.SetupCoroutine:InvokeMoveNext (System.Collections.IEnumerator,intptr) (at C:/build/output/unity/unity/Runtime/Export/Scripting/Coroutines.cs:17)

(Filename: C:/build/output/unity/unity/Runtime/Export/Debug/Debug.bindings.cs Line: 130)

[QA] PASS Mở được bề mặt workshop
UnityEngine.Debug:ExtractStackTraceNoAlloc (byte*,int,string)
UnityEngine.StackTraceUtility:ExtractStackTrace () (at C:/build/output/unity/unity/Runtime/Export/Scripting/StackTrace.cs:23)
UnityEngine.DebugLogHandler:Internal_Log (UnityEngine.LogType,UnityEngine.LogOption,string,UnityEngine.Object)
UnityEngine.DebugLogHandler:LogFormat (UnityEngine.LogType,UnityEngine.Object,string,object[]) (at C:/build/output/unity/unity/Runtime/Export/Logging/DebugLogHandler.cs:9)
UnityEngine.Logger:Log (UnityEngine.LogType,object) (at C:/build/output/unity/unity/Runtime/Export/Logging/Logger.cs:60)
UnityEngine.Debug:Log (object) (at C:/build/output/unity/unity/Runtime/Export/Debug/Debug.bindings.cs:130)
VuonNho.Views.QaChecklist:Check (string,bool,string) (at C:/Users/PC/Desktop/Game/VuonNho/Assets/Scripts/Views/QaChecklist.cs:2078)
VuonNho.Views.QaChecklist/<RunUiChecks>d__34:MoveNext () (at C:/Users/PC/Desktop/Game/VuonNho/Assets/Scripts/Views/QaChecklist.cs:1372)
UnityEngine.SetupCoroutine:InvokeMoveNext (System.Collections.IEnumerator,intptr) (at C:/build/output/unity/unity/Runtime/Export/Scripting/Coroutines.cs:17)

(Filename: C:/build/output/unity/unity/Runtime/Export/Debug/Debug.bindings.cs Line: 130)

[QA] PASS Chữ không tràn khỏi ô chứa — workshop | 50 nhãn
UnityEngine.Debug:ExtractStackTraceNoAlloc (byte*,int,string)
UnityEngine.StackTraceUtility:ExtractStackTrace () (at C:/build/output/unity/unity/Runtime/Export/Scripting/StackTrace.cs:23)
UnityEngine.DebugLogHandler:Internal_Log (UnityEngine.LogType,UnityEngine.LogOption,string,UnityEngine.Object)
UnityEngine.DebugLogHandler:LogFormat (UnityEngine.LogType,UnityEngine.Object,string,object[]) (at C:/build/output/unity/unity/Runtime/Export/Logging/DebugLogHandler.cs:9)
UnityEngine.Logger:Log (UnityEngine.LogType,object) (at C:/build/output/unity/unity/Runtime/Export/Logging/Logger.cs:60)
UnityEngine.Debug:Log (object) (at C:/build/output/unity/unity/Runtime/Export/Debug/Debug.bindings.cs:130)
VuonNho.Views.QaChecklist:Check (string,bool,string) (at C:/Users/PC/Desktop/Game/VuonNho/Assets/Scripts/Views/QaChecklist.cs:2078)
VuonNho.Views.QaChecklist:CheckTextOverflow (string,UnityEngine.RectTransform) (at C:/Users/PC/Desktop/Game/VuonNho/Assets/Scripts/Views/QaChecklist.cs:1674)
VuonNho.Views.QaChecklist/<RunUiChecks>d__34:MoveNext () (at C:/Users/PC/Desktop/Game/VuonNho/Assets/Scripts/Views/QaChecklist.cs:1375)
UnityEngine.SetupCoroutine:InvokeMoveNext (System.Collections.IEnumerator,intptr) (at C:/build/output/unity/unity/Runtime/Export/Scripting/Coroutines.cs:17)

(Filename: C:/build/output/unity/unity/Runtime/Export/Debug/Debug.bindings.cs Line: 130)

[QA] PASS Click trên workshop bị UI chặn, không xuống tới vườn | UI nhận click: Row_stage_wither; đối tượng nhận sự kiện pointer: không có; nếu không chặn sẽ trúng WorkshopFence
UnityEngine.Debug:ExtractStackTraceNoAlloc (byte*,int,string)
UnityEngine.StackTraceUtility:ExtractStackTrace () (at C:/build/output/unity/unity/Runtime/Export/Scripting/StackTrace.cs:23)
UnityEngine.DebugLogHandler:Internal_Log (UnityEngine.LogType,UnityEngine.LogOption,string,UnityEngine.Object)
UnityEngine.DebugLogHandler:LogFormat (UnityEngine.LogType,UnityEngine.Object,string,object[]) (at C:/build/output/unity/unity/Runtime/Export/Logging/DebugLogHandler.cs:9)
UnityEngine.Logger:Log (UnityEngine.LogType,object) (at C:/build/output/unity/unity/Runtime/Export/Logging/Logger.cs:60)
UnityEngine.Debug:Log (object) (at C:/build/output/unity/unity/Runtime/Export/Debug/Debug.bindings.cs:130)
VuonNho.Views.QaChecklist:Check (string,bool,string) (at C:/Users/PC/Desktop/Game/VuonNho/Assets/Scripts/Views/QaChecklist.cs:2078)
VuonNho.Views.QaChecklist:CheckBlocksClicks (string,UnityEngine.RectTransform) (at C:/Users/PC/Desktop/Game/VuonNho/Assets/Scripts/Views/QaChecklist.cs:1708)
VuonNho.Views.QaChecklist/<RunUiChecks>d__34:MoveNext () (at C:/Users/PC/Desktop/Game/VuonNho/Assets/Scripts/Views/QaChecklist.cs:1376)
UnityEngine.SetupCoroutine:InvokeMoveNext (System.Collections.IEnumerator,intptr) (at C:/build/output/unity/unity/Runtime/Export/Scripting/Coroutines.cs:17)

(Filename: C:/build/output/unity/unity/Runtime/Export/Debug/Debug.bindings.cs Line: 130)

[QA] PASS workshop không che hồ sơ, xu và số thợ | ba thẻ trên cùng vẫn nhìn thấy
UnityEngine.Debug:ExtractStackTraceNoAlloc (byte*,int,string)
UnityEngine.StackTraceUtility:ExtractStackTrace () (at C:/build/output/unity/unity/Runtime/Export/Scripting/StackTrace.cs:23)
UnityEngine.DebugLogHandler:Internal_Log (UnityEngine.LogType,UnityEngine.LogOption,string,UnityEngine.Object)
UnityEngine.DebugLogHandler:LogFormat (UnityEngine.LogType,UnityEngine.Object,string,object[]) (at C:/build/output/unity/unity/Runtime/Export/Logging/DebugLogHandler.cs:9)
UnityEngine.Logger:Log (UnityEngine.LogType,object) (at C:/build/output/unity/unity/Runtime/Export/Logging/Logger.cs:60)
UnityEngine.Debug:Log (object) (at C:/build/output/unity/unity/Runtime/Export/Debug/Debug.bindings.cs:130)
VuonNho.Views.QaChecklist:Check (string,bool,string) (at C:/Users/PC/Desktop/Game/VuonNho/Assets/Scripts/Views/QaChecklist.cs:2078)
VuonNho.Views.QaChecklist:CheckDoesNotCoverTopCounters (string,UnityEngine.RectTransform) (at C:/Users/PC/Desktop/Game/VuonNho/Assets/Scripts/Views/QaChecklist.cs:1937)
VuonNho.Views.QaChecklist/<RunUiChecks>d__34:MoveNext () (at C:/Users/PC/Desktop/Game/VuonNho/Assets/Scripts/Views/QaChecklist.cs:1378)
UnityEngine.SetupCoroutine:InvokeMoveNext (System.Collections.IEnumerator,intptr) (at C:/build/output/unity/unity/Runtime/Export/Scripting/Coroutines.cs:17)

(Filename: C:/build/output/unity/unity/Runtime/Export/Debug/Debug.bindings.cs Line: 130)

[QA] PASS Nút đóng nhận click thật và đóng bề mặt workshop | HudCanvas/WorkshopPanel/Close; graphic trên cùng: HudCanvas/WorkshopPanel/Close; click handler: HudCanvas/WorkshopPanel/Close
UnityEngine.Debug:ExtractStackTraceNoAlloc (byte*,int,string)
UnityEngine.StackTraceUtility:ExtractStackTrace () (at C:/build/output/unity/unity/Runtime/Export/Scripting/StackTrace.cs:23)
UnityEngine.DebugLogHandler:Internal_Log (UnityEngine.LogType,UnityEngine.LogOption,string,UnityEngine.Object)
UnityEngine.DebugLogHandler:LogFormat (UnityEngine.LogType,UnityEngine.Object,string,object[]) (at C:/build/output/unity/unity/Runtime/Export/Logging/DebugLogHandler.cs:9)
UnityEngine.Logger:Log (UnityEngine.LogType,object) (at C:/build/output/unity/unity/Runtime/Export/Logging/Logger.cs:60)
UnityEngine.Debug:Log (object) (at C:/build/output/unity/unity/Runtime/Export/Debug/Debug.bindings.cs:130)
VuonNho.Views.QaChecklist:Check (string,bool,string) (at C:/Users/PC/Desktop/Game/VuonNho/Assets/Scripts/Views/QaChecklist.cs:2078)
VuonNho.Views.QaChecklist:CheckButtonReceivesClick (string,UnityEngine.RectTransform) (at C:/Users/PC/Desktop/Game/VuonNho/Assets/Scripts/Views/QaChecklist.cs:1522)
VuonNho.Views.QaChecklist/<RunUiChecks>d__34:MoveNext () (at C:/Users/PC/Desktop/Game/VuonNho/Assets/Scripts/Views/QaChecklist.cs:1379)
UnityEngine.SetupCoroutine:InvokeMoveNext (System.Collections.IEnumerator,intptr) (at C:/build/output/unity/unity/Runtime/Export/Scripting/Coroutines.cs:17)

(Filename: C:/build/output/unity/unity/Runtime/Export/Debug/Debug.bindings.cs Line: 130)

[QA] PASS Nút điều hướng mở settings | HudCanvas/FarmHud/SettingsButton; graphic trên cùng: HudCanvas/FarmHud/SettingsButton; click handler: HudCanvas/FarmHud/SettingsButton
UnityEngine.Debug:ExtractStackTraceNoAlloc (byte*,int,string)
UnityEngine.StackTraceUtility:ExtractStackTrace () (at C:/build/output/unity/unity/Runtime/Export/Scripting/StackTrace.cs:23)
UnityEngine.DebugLogHandler:Internal_Log (UnityEngine.LogType,UnityEngine.LogOption,string,UnityEngine.Object)
UnityEngine.DebugLogHandler:LogFormat (UnityEngine.LogType,UnityEngine.Object,string,object[]) (at C:/build/output/unity/unity/Runtime/Export/Logging/DebugLogHandler.cs:9)
UnityEngine.Logger:Log (UnityEngine.LogType,object) (at C:/build/output/unity/unity/Runtime/Export/Logging/Logger.cs:60)
UnityEngine.Debug:Log (object) (at C:/build/output/unity/unity/Runtime/Export/Debug/Debug.bindings.cs:130)
VuonNho.Views.QaChecklist:Check (string,bool,string) (at C:/Users/PC/Desktop/Game/VuonNho/Assets/Scripts/Views/QaChecklist.cs:2078)
VuonNho.Views.QaChecklist/<RunUiChecks>d__34:MoveNext () (at C:/Users/PC/Desktop/Game/VuonNho/Assets/Scripts/Views/QaChecklist.cs:1367)
UnityEngine.SetupCoroutine:InvokeMoveNext (System.Collections.IEnumerator,intptr) (at C:/build/output/unity/unity/Runtime/Export/Scripting/Coroutines.cs:17)

(Filename: C:/build/output/unity/unity/Runtime/Export/Debug/Debug.bindings.cs Line: 130)

[QA] PASS Mở được bề mặt settings
UnityEngine.Debug:ExtractStackTraceNoAlloc (byte*,int,string)
UnityEngine.StackTraceUtility:ExtractStackTrace () (at C:/build/output/unity/unity/Runtime/Export/Scripting/StackTrace.cs:23)
UnityEngine.DebugLogHandler:Internal_Log (UnityEngine.LogType,UnityEngine.LogOption,string,UnityEngine.Object)
UnityEngine.DebugLogHandler:LogFormat (UnityEngine.LogType,UnityEngine.Object,string,object[]) (at C:/build/output/unity/unity/Runtime/Export/Logging/DebugLogHandler.cs:9)
UnityEngine.Logger:Log (UnityEngine.LogType,object) (at C:/build/output/unity/unity/Runtime/Export/Logging/Logger.cs:60)
UnityEngine.Debug:Log (object) (at C:/build/output/unity/unity/Runtime/Export/Debug/Debug.bindings.cs:130)
VuonNho.Views.QaChecklist:Check (string,bool,string) (at C:/Users/PC/Desktop/Game/VuonNho/Assets/Scripts/Views/QaChecklist.cs:2078)
VuonNho.Views.QaChecklist/<RunUiChecks>d__34:MoveNext () (at C:/Users/PC/Desktop/Game/VuonNho/Assets/Scripts/Views/QaChecklist.cs:1372)
UnityEngine.SetupCoroutine:InvokeMoveNext (System.Collections.IEnumerator,intptr) (at C:/build/output/unity/unity/Runtime/Export/Scripting/Coroutines.cs:17)

(Filename: C:/build/output/unity/unity/Runtime/Export/Debug/Debug.bindings.cs Line: 130)

[QA] PASS Chữ không tràn khỏi ô chứa — settings | 16 nhãn
UnityEngine.Debug:ExtractStackTraceNoAlloc (byte*,int,string)
UnityEngine.StackTraceUtility:ExtractStackTrace () (at C:/build/output/unity/unity/Runtime/Export/Scripting/StackTrace.cs:23)
UnityEngine.DebugLogHandler:Internal_Log (UnityEngine.LogType,UnityEngine.LogOption,string,UnityEngine.Object)
UnityEngine.DebugLogHandler:LogFormat (UnityEngine.LogType,UnityEngine.Object,string,object[]) (at C:/build/output/unity/unity/Runtime/Export/Logging/DebugLogHandler.cs:9)
UnityEngine.Logger:Log (UnityEngine.LogType,object) (at C:/build/output/unity/unity/Runtime/Export/Logging/Logger.cs:60)
UnityEngine.Debug:Log (object) (at C:/build/output/unity/unity/Runtime/Export/Debug/Debug.bindings.cs:130)
VuonNho.Views.QaChecklist:Check (string,bool,string) (at C:/Users/PC/Desktop/Game/VuonNho/Assets/Scripts/Views/QaChecklist.cs:2078)
VuonNho.Views.QaChecklist:CheckTextOverflow (string,UnityEngine.RectTransform) (at C:/Users/PC/Desktop/Game/VuonNho/Assets/Scripts/Views/QaChecklist.cs:1674)
VuonNho.Views.QaChecklist/<RunUiChecks>d__34:MoveNext () (at C:/Users/PC/Desktop/Game/VuonNho/Assets/Scripts/Views/QaChecklist.cs:1375)
UnityEngine.SetupCoroutine:InvokeMoveNext (System.Collections.IEnumerator,intptr) (at C:/build/output/unity/unity/Runtime/Export/Scripting/Coroutines.cs:17)

(Filename: C:/build/output/unity/unity/Runtime/Export/Debug/Debug.bindings.cs Line: 130)

[QA] PASS Click trên settings bị UI chặn, không xuống tới vườn | UI nhận click: SettingsPanel; đối tượng nhận sự kiện pointer: không có; nếu không chặn sẽ trúng WorkshopFence
UnityEngine.Debug:ExtractStackTraceNoAlloc (byte*,int,string)
UnityEngine.StackTraceUtility:ExtractStackTrace () (at C:/build/output/unity/unity/Runtime/Export/Scripting/StackTrace.cs:23)
UnityEngine.DebugLogHandler:Internal_Log (UnityEngine.LogType,UnityEngine.LogOption,string,UnityEngine.Object)
UnityEngine.DebugLogHandler:LogFormat (UnityEngine.LogType,UnityEngine.Object,string,object[]) (at C:/build/output/unity/unity/Runtime/Export/Logging/DebugLogHandler.cs:9)
UnityEngine.Logger:Log (UnityEngine.LogType,object) (at C:/build/output/unity/unity/Runtime/Export/Logging/Logger.cs:60)
UnityEngine.Debug:Log (object) (at C:/build/output/unity/unity/Runtime/Export/Debug/Debug.bindings.cs:130)
VuonNho.Views.QaChecklist:Check (string,bool,string) (at C:/Users/PC/Desktop/Game/VuonNho/Assets/Scripts/Views/QaChecklist.cs:2078)
VuonNho.Views.QaChecklist:CheckBlocksClicks (string,UnityEngine.RectTransform) (at C:/Users/PC/Desktop/Game/VuonNho/Assets/Scripts/Views/QaChecklist.cs:1708)
VuonNho.Views.QaChecklist/<RunUiChecks>d__34:MoveNext () (at C:/Users/PC/Desktop/Game/VuonNho/Assets/Scripts/Views/QaChecklist.cs:1376)
UnityEngine.SetupCoroutine:InvokeMoveNext (System.Collections.IEnumerator,intptr) (at C:/build/output/unity/unity/Runtime/Export/Scripting/Coroutines.cs:17)

(Filename: C:/build/output/unity/unity/Runtime/Export/Debug/Debug.bindings.cs Line: 130)

[QA] PASS settings không che hồ sơ, xu và số thợ | ba thẻ trên cùng vẫn nhìn thấy
UnityEngine.Debug:ExtractStackTraceNoAlloc (byte*,int,string)
UnityEngine.StackTraceUtility:ExtractStackTrace () (at C:/build/output/unity/unity/Runtime/Export/Scripting/StackTrace.cs:23)
UnityEngine.DebugLogHandler:Internal_Log (UnityEngine.LogType,UnityEngine.LogOption,string,UnityEngine.Object)
UnityEngine.DebugLogHandler:LogFormat (UnityEngine.LogType,UnityEngine.Object,string,object[]) (at C:/build/output/unity/unity/Runtime/Export/Logging/DebugLogHandler.cs:9)
UnityEngine.Logger:Log (UnityEngine.LogType,object) (at C:/build/output/unity/unity/Runtime/Export/Logging/Logger.cs:60)
UnityEngine.Debug:Log (object) (at C:/build/output/unity/unity/Runtime/Export/Debug/Debug.bindings.cs:130)
VuonNho.Views.QaChecklist:Check (string,bool,string) (at C:/Users/PC/Desktop/Game/VuonNho/Assets/Scripts/Views/QaChecklist.cs:2078)
VuonNho.Views.QaChecklist:CheckDoesNotCoverTopCounters (string,UnityEngine.RectTransform) (at C:/Users/PC/Desktop/Game/VuonNho/Assets/Scripts/Views/QaChecklist.cs:1937)
VuonNho.Views.QaChecklist/<RunUiChecks>d__34:MoveNext () (at C:/Users/PC/Desktop/Game/VuonNho/Assets/Scripts/Views/QaChecklist.cs:1378)
UnityEngine.SetupCoroutine:InvokeMoveNext (System.Collections.IEnumerator,intptr) (at C:/build/output/unity/unity/Runtime/Export/Scripting/Coroutines.cs:17)

(Filename: C:/build/output/unity/unity/Runtime/Export/Debug/Debug.bindings.cs Line: 130)

[QA] PASS Nút đóng nhận click thật và đóng bề mặt settings | HudCanvas/SettingsPanel/Close; graphic trên cùng: HudCanvas/SettingsPanel/Close; click handler: HudCanvas/SettingsPanel/Close
UnityEngine.Debug:ExtractStackTraceNoAlloc (byte*,int,string)
UnityEngine.StackTraceUtility:ExtractStackTrace () (at C:/build/output/unity/unity/Runtime/Export/Scripting/StackTrace.cs:23)
UnityEngine.DebugLogHandler:Internal_Log (UnityEngine.LogType,UnityEngine.LogOption,string,UnityEngine.Object)
UnityEngine.DebugLogHandler:LogFormat (UnityEngine.LogType,UnityEngine.Object,string,object[]) (at C:/build/output/unity/unity/Runtime/Export/Logging/DebugLogHandler.cs:9)
UnityEngine.Logger:Log (UnityEngine.LogType,object) (at C:/build/output/unity/unity/Runtime/Export/Logging/Logger.cs:60)
UnityEngine.Debug:Log (object) (at C:/build/output/unity/unity/Runtime/Export/Debug/Debug.bindings.cs:130)
VuonNho.Views.QaChecklist:Check (string,bool,string) (at C:/Users/PC/Desktop/Game/VuonNho/Assets/Scripts/Views/QaChecklist.cs:2078)
VuonNho.Views.QaChecklist:CheckButtonReceivesClick (string,UnityEngine.RectTransform) (at C:/Users/PC/Desktop/Game/VuonNho/Assets/Scripts/Views/QaChecklist.cs:1522)
VuonNho.Views.QaChecklist/<RunUiChecks>d__34:MoveNext () (at C:/Users/PC/Desktop/Game/VuonNho/Assets/Scripts/Views/QaChecklist.cs:1379)
UnityEngine.SetupCoroutine:InvokeMoveNext (System.Collections.IEnumerator,intptr) (at C:/build/output/unity/unity/Runtime/Export/Scripting/Coroutines.cs:17)

(Filename: C:/build/output/unity/unity/Runtime/Export/Debug/Debug.bindings.cs Line: 130)

[QA] PASS Nút điều hướng mở journal | HudCanvas/FarmHud/LeftRail/JournalButton; graphic trên cùng: HudCanvas/FarmHud/LeftRail/JournalButton; click handler: HudCanvas/FarmHud/LeftRail/JournalButton
UnityEngine.Debug:ExtractStackTraceNoAlloc (byte*,int,string)
UnityEngine.StackTraceUtility:ExtractStackTrace () (at C:/build/output/unity/unity/Runtime/Export/Scripting/StackTrace.cs:23)
UnityEngine.DebugLogHandler:Internal_Log (UnityEngine.LogType,UnityEngine.LogOption,string,UnityEngine.Object)
UnityEngine.DebugLogHandler:LogFormat (UnityEngine.LogType,UnityEngine.Object,string,object[]) (at C:/build/output/unity/unity/Runtime/Export/Logging/DebugLogHandler.cs:9)
UnityEngine.Logger:Log (UnityEngine.LogType,object) (at C:/build/output/unity/unity/Runtime/Export/Logging/Logger.cs:60)
UnityEngine.Debug:Log (object) (at C:/build/output/unity/unity/Runtime/Export/Debug/Debug.bindings.cs:130)
VuonNho.Views.QaChecklist:Check (string,bool,string) (at C:/Users/PC/Desktop/Game/VuonNho/Assets/Scripts/Views/QaChecklist.cs:2078)
VuonNho.Views.QaChecklist/<RunUiChecks>d__34:MoveNext () (at C:/Users/PC/Desktop/Game/VuonNho/Assets/Scripts/Views/QaChecklist.cs:1367)
UnityEngine.SetupCoroutine:InvokeMoveNext (System.Collections.IEnumerator,intptr) (at C:/build/output/unity/unity/Runtime/Export/Scripting/Coroutines.cs:17)

(Filename: C:/build/output/unity/unity/Runtime/Export/Debug/Debug.bindings.cs Line: 130)

[QA] PASS Mở được bề mặt journal
UnityEngine.Debug:ExtractStackTraceNoAlloc (byte*,int,string)
UnityEngine.StackTraceUtility:ExtractStackTrace () (at C:/build/output/unity/unity/Runtime/Export/Scripting/StackTrace.cs:23)
UnityEngine.DebugLogHandler:Internal_Log (UnityEngine.LogType,UnityEngine.LogOption,string,UnityEngine.Object)
UnityEngine.DebugLogHandler:LogFormat (UnityEngine.LogType,UnityEngine.Object,string,object[]) (at C:/build/output/unity/unity/Runtime/Export/Logging/DebugLogHandler.cs:9)
UnityEngine.Logger:Log (UnityEngine.LogType,object) (at C:/build/output/unity/unity/Runtime/Export/Logging/Logger.cs:60)
UnityEngine.Debug:Log (object) (at C:/build/output/unity/unity/Runtime/Export/Debug/Debug.bindings.cs:130)
VuonNho.Views.QaChecklist:Check (string,bool,string) (at C:/Users/PC/Desktop/Game/VuonNho/Assets/Scripts/Views/QaChecklist.cs:2078)
VuonNho.Views.QaChecklist/<RunUiChecks>d__34:MoveNext () (at C:/Users/PC/Desktop/Game/VuonNho/Assets/Scripts/Views/QaChecklist.cs:1372)
UnityEngine.SetupCoroutine:InvokeMoveNext (System.Collections.IEnumerator,intptr) (at C:/build/output/unity/unity/Runtime/Export/Scripting/Coroutines.cs:17)

(Filename: C:/build/output/unity/unity/Runtime/Export/Debug/Debug.bindings.cs Line: 130)

[QA] PASS Chữ không tràn khỏi ô chứa — journal | 13 nhãn
UnityEngine.Debug:ExtractStackTraceNoAlloc (byte*,int,string)
UnityEngine.StackTraceUtility:ExtractStackTrace () (at C:/build/output/unity/unity/Runtime/Export/Scripting/StackTrace.cs:23)
UnityEngine.DebugLogHandler:Internal_Log (UnityEngine.LogType,UnityEngine.LogOption,string,UnityEngine.Object)
UnityEngine.DebugLogHandler:LogFormat (UnityEngine.LogType,UnityEngine.Object,string,object[]) (at C:/build/output/unity/unity/Runtime/Export/Logging/DebugLogHandler.cs:9)
UnityEngine.Logger:Log (UnityEngine.LogType,object) (at C:/build/output/unity/unity/Runtime/Export/Logging/Logger.cs:60)
UnityEngine.Debug:Log (object) (at C:/build/output/unity/unity/Runtime/Export/Debug/Debug.bindings.cs:130)
VuonNho.Views.QaChecklist:Check (string,bool,string) (at C:/Users/PC/Desktop/Game/VuonNho/Assets/Scripts/Views/QaChecklist.cs:2078)
VuonNho.Views.QaChecklist:CheckTextOverflow (string,UnityEngine.RectTransform) (at C:/Users/PC/Desktop/Game/VuonNho/Assets/Scripts/Views/QaChecklist.cs:1674)
VuonNho.Views.QaChecklist/<RunUiChecks>d__34:MoveNext () (at C:/Users/PC/Desktop/Game/VuonNho/Assets/Scripts/Views/QaChecklist.cs:1375)
UnityEngine.SetupCoroutine:InvokeMoveNext (System.Collections.IEnumerator,intptr) (at C:/build/output/unity/unity/Runtime/Export/Scripting/Coroutines.cs:17)

(Filename: C:/build/output/unity/unity/Runtime/Export/Debug/Debug.bindings.cs Line: 130)

[QA] PASS Click trên journal bị UI chặn, không xuống tới vườn | UI nhận click: JournalPanel; đối tượng nhận sự kiện pointer: không có; nếu không chặn sẽ trúng WorkshopFence
UnityEngine.Debug:ExtractStackTraceNoAlloc (byte*,int,string)
UnityEngine.StackTraceUtility:ExtractStackTrace () (at C:/build/output/unity/unity/Runtime/Export/Scripting/StackTrace.cs:23)
UnityEngine.DebugLogHandler:Internal_Log (UnityEngine.LogType,UnityEngine.LogOption,string,UnityEngine.Object)
UnityEngine.DebugLogHandler:LogFormat (UnityEngine.LogType,UnityEngine.Object,string,object[]) (at C:/build/output/unity/unity/Runtime/Export/Logging/DebugLogHandler.cs:9)
UnityEngine.Logger:Log (UnityEngine.LogType,object) (at C:/build/output/unity/unity/Runtime/Export/Logging/Logger.cs:60)
UnityEngine.Debug:Log (object) (at C:/build/output/unity/unity/Runtime/Export/Debug/Debug.bindings.cs:130)
VuonNho.Views.QaChecklist:Check (string,bool,string) (at C:/Users/PC/Desktop/Game/VuonNho/Assets/Scripts/Views/QaChecklist.cs:2078)
VuonNho.Views.QaChecklist:CheckBlocksClicks (string,UnityEngine.RectTransform) (at C:/Users/PC/Desktop/Game/VuonNho/Assets/Scripts/Views/QaChecklist.cs:1708)
VuonNho.Views.QaChecklist/<RunUiChecks>d__34:MoveNext () (at C:/Users/PC/Desktop/Game/VuonNho/Assets/Scripts/Views/QaChecklist.cs:1376)
UnityEngine.SetupCoroutine:InvokeMoveNext (System.Collections.IEnumerator,intptr) (at C:/build/output/unity/unity/Runtime/Export/Scripting/Coroutines.cs:17)

(Filename: C:/build/output/unity/unity/Runtime/Export/Debug/Debug.bindings.cs Line: 130)

[QA] PASS journal không che hồ sơ, xu và số thợ | ba thẻ trên cùng vẫn nhìn thấy
UnityEngine.Debug:ExtractStackTraceNoAlloc (byte*,int,string)
UnityEngine.StackTraceUtility:ExtractStackTrace () (at C:/build/output/unity/unity/Runtime/Export/Scripting/StackTrace.cs:23)
UnityEngine.DebugLogHandler:Internal_Log (UnityEngine.LogType,UnityEngine.LogOption,string,UnityEngine.Object)
UnityEngine.DebugLogHandler:LogFormat (UnityEngine.LogType,UnityEngine.Object,string,object[]) (at C:/build/output/unity/unity/Runtime/Export/Logging/DebugLogHandler.cs:9)
UnityEngine.Logger:Log (UnityEngine.LogType,object) (at C:/build/output/unity/unity/Runtime/Export/Logging/Logger.cs:60)
UnityEngine.Debug:Log (object) (at C:/build/output/unity/unity/Runtime/Export/Debug/Debug.bindings.cs:130)
VuonNho.Views.QaChecklist:Check (string,bool,string) (at C:/Users/PC/Desktop/Game/VuonNho/Assets/Scripts/Views/QaChecklist.cs:2078)
VuonNho.Views.QaChecklist:CheckDoesNotCoverTopCounters (string,UnityEngine.RectTransform) (at C:/Users/PC/Desktop/Game/VuonNho/Assets/Scripts/Views/QaChecklist.cs:1937)
VuonNho.Views.QaChecklist/<RunUiChecks>d__34:MoveNext () (at C:/Users/PC/Desktop/Game/VuonNho/Assets/Scripts/Views/QaChecklist.cs:1378)
UnityEngine.SetupCoroutine:InvokeMoveNext (System.Collections.IEnumerator,intptr) (at C:/build/output/unity/unity/Runtime/Export/Scripting/Coroutines.cs:17)

(Filename: C:/build/output/unity/unity/Runtime/Export/Debug/Debug.bindings.cs Line: 130)

[QA] PASS Nút đóng nhận click thật và đóng bề mặt journal | HudCanvas/JournalPanel/Close; graphic trên cùng: HudCanvas/JournalPanel/Close; click handler: HudCanvas/JournalPanel/Close
UnityEngine.Debug:ExtractStackTraceNoAlloc (byte*,int,string)
UnityEngine.StackTraceUtility:ExtractStackTrace () (at C:/build/output/unity/unity/Runtime/Export/Scripting/StackTrace.cs:23)
UnityEngine.DebugLogHandler:Internal_Log (UnityEngine.LogType,UnityEngine.LogOption,string,UnityEngine.Object)
UnityEngine.DebugLogHandler:LogFormat (UnityEngine.LogType,UnityEngine.Object,string,object[]) (at C:/build/output/unity/unity/Runtime/Export/Logging/DebugLogHandler.cs:9)
UnityEngine.Logger:Log (UnityEngine.LogType,object) (at C:/build/output/unity/unity/Runtime/Export/Logging/Logger.cs:60)
UnityEngine.Debug:Log (object) (at C:/build/output/unity/unity/Runtime/Export/Debug/Debug.bindings.cs:130)
VuonNho.Views.QaChecklist:Check (string,bool,string) (at C:/Users/PC/Desktop/Game/VuonNho/Assets/Scripts/Views/QaChecklist.cs:2078)
VuonNho.Views.QaChecklist:CheckButtonReceivesClick (string,UnityEngine.RectTransform) (at C:/Users/PC/Desktop/Game/VuonNho/Assets/Scripts/Views/QaChecklist.cs:1522)
VuonNho.Views.QaChecklist/<RunUiChecks>d__34:MoveNext () (at C:/Users/PC/Desktop/Game/VuonNho/Assets/Scripts/Views/QaChecklist.cs:1379)
UnityEngine.SetupCoroutine:InvokeMoveNext (System.Collections.IEnumerator,intptr) (at C:/build/output/unity/unity/Runtime/Export/Scripting/Coroutines.cs:17)

(Filename: C:/build/output/unity/unity/Runtime/Export/Debug/Debug.bindings.cs Line: 130)

[QA] PASS Mở được bề mặt plot
UnityEngine.Debug:ExtractStackTraceNoAlloc (byte*,int,string)
UnityEngine.StackTraceUtility:ExtractStackTrace () (at C:/build/output/unity/unity/Runtime/Export/Scripting/StackTrace.cs:23)
UnityEngine.DebugLogHandler:Internal_Log (UnityEngine.LogType,UnityEngine.LogOption,string,UnityEngine.Object)
UnityEngine.DebugLogHandler:LogFormat (UnityEngine.LogType,UnityEngine.Object,string,object[]) (at C:/build/output/unity/unity/Runtime/Export/Logging/DebugLogHandler.cs:9)
UnityEngine.Logger:Log (UnityEngine.LogType,object) (at C:/build/output/unity/unity/Runtime/Export/Logging/Logger.cs:60)
UnityEngine.Debug:Log (object) (at C:/build/output/unity/unity/Runtime/Export/Debug/Debug.bindings.cs:130)
VuonNho.Views.QaChecklist:Check (string,bool,string) (at C:/Users/PC/Desktop/Game/VuonNho/Assets/Scripts/Views/QaChecklist.cs:2078)
VuonNho.Views.QaChecklist/<RunUiChecks>d__34:MoveNext () (at C:/Users/PC/Desktop/Game/VuonNho/Assets/Scripts/Views/QaChecklist.cs:1372)
UnityEngine.SetupCoroutine:InvokeMoveNext (System.Collections.IEnumerator,intptr) (at C:/build/output/unity/unity/Runtime/Export/Scripting/Coroutines.cs:17)

(Filename: C:/build/output/unity/unity/Runtime/Export/Debug/Debug.bindings.cs Line: 130)

[QA] PASS Chữ không tràn khỏi ô chứa — plot | 16 nhãn
UnityEngine.Debug:ExtractStackTraceNoAlloc (byte*,int,string)
UnityEngine.StackTraceUtility:ExtractStackTrace () (at C:/build/output/unity/unity/Runtime/Export/Scripting/StackTrace.cs:23)
UnityEngine.DebugLogHandler:Internal_Log (UnityEngine.LogType,UnityEngine.LogOption,string,UnityEngine.Object)
UnityEngine.DebugLogHandler:LogFormat (UnityEngine.LogType,UnityEngine.Object,string,object[]) (at C:/build/output/unity/unity/Runtime/Export/Logging/DebugLogHandler.cs:9)
UnityEngine.Logger:Log (UnityEngine.LogType,object) (at C:/build/output/unity/unity/Runtime/Export/Logging/Logger.cs:60)
UnityEngine.Debug:Log (object) (at C:/build/output/unity/unity/Runtime/Export/Debug/Debug.bindings.cs:130)
VuonNho.Views.QaChecklist:Check (string,bool,string) (at C:/Users/PC/Desktop/Game/VuonNho/Assets/Scripts/Views/QaChecklist.cs:2078)
VuonNho.Views.QaChecklist:CheckTextOverflow (string,UnityEngine.RectTransform) (at C:/Users/PC/Desktop/Game/VuonNho/Assets/Scripts/Views/QaChecklist.cs:1674)
VuonNho.Views.QaChecklist/<RunUiChecks>d__34:MoveNext () (at C:/Users/PC/Desktop/Game/VuonNho/Assets/Scripts/Views/QaChecklist.cs:1375)
UnityEngine.SetupCoroutine:InvokeMoveNext (System.Collections.IEnumerator,intptr) (at C:/build/output/unity/unity/Runtime/Export/Scripting/Coroutines.cs:17)

(Filename: C:/build/output/unity/unity/Runtime/Export/Debug/Debug.bindings.cs Line: 130)

[QA] PASS Click trên plot bị UI chặn, không xuống tới vườn | UI nhận click: Crop_crop_chamomile; đối tượng nhận sự kiện pointer: Crop_crop_chamomile; nếu không chặn sẽ trúng Ground
UnityEngine.Debug:ExtractStackTraceNoAlloc (byte*,int,string)
UnityEngine.StackTraceUtility:ExtractStackTrace () (at C:/build/output/unity/unity/Runtime/Export/Scripting/StackTrace.cs:23)
UnityEngine.DebugLogHandler:Internal_Log (UnityEngine.LogType,UnityEngine.LogOption,string,UnityEngine.Object)
UnityEngine.DebugLogHandler:LogFormat (UnityEngine.LogType,UnityEngine.Object,string,object[]) (at C:/build/output/unity/unity/Runtime/Export/Logging/DebugLogHandler.cs:9)
UnityEngine.Logger:Log (UnityEngine.LogType,object) (at C:/build/output/unity/unity/Runtime/Export/Logging/Logger.cs:60)
UnityEngine.Debug:Log (object) (at C:/build/output/unity/unity/Runtime/Export/Debug/Debug.bindings.cs:130)
VuonNho.Views.QaChecklist:Check (string,bool,string) (at C:/Users/PC/Desktop/Game/VuonNho/Assets/Scripts/Views/QaChecklist.cs:2078)
VuonNho.Views.QaChecklist:CheckBlocksClicks (string,UnityEngine.RectTransform) (at C:/Users/PC/Desktop/Game/VuonNho/Assets/Scripts/Views/QaChecklist.cs:1708)
VuonNho.Views.QaChecklist/<RunUiChecks>d__34:MoveNext () (at C:/Users/PC/Desktop/Game/VuonNho/Assets/Scripts/Views/QaChecklist.cs:1376)
UnityEngine.SetupCoroutine:InvokeMoveNext (System.Collections.IEnumerator,intptr) (at C:/build/output/unity/unity/Runtime/Export/Scripting/Coroutines.cs:17)

(Filename: C:/build/output/unity/unity/Runtime/Export/Debug/Debug.bindings.cs Line: 130)

[QA] PASS plot không che hồ sơ, xu và số thợ | ba thẻ trên cùng vẫn nhìn thấy
UnityEngine.Debug:ExtractStackTraceNoAlloc (byte*,int,string)
UnityEngine.StackTraceUtility:ExtractStackTrace () (at C:/build/output/unity/unity/Runtime/Export/Scripting/StackTrace.cs:23)
UnityEngine.DebugLogHandler:Internal_Log (UnityEngine.LogType,UnityEngine.LogOption,string,UnityEngine.Object)
UnityEngine.DebugLogHandler:LogFormat (UnityEngine.LogType,UnityEngine.Object,string,object[]) (at C:/build/output/unity/unity/Runtime/Export/Logging/DebugLogHandler.cs:9)
UnityEngine.Logger:Log (UnityEngine.LogType,object) (at C:/build/output/unity/unity/Runtime/Export/Logging/Logger.cs:60)
UnityEngine.Debug:Log (object) (at C:/build/output/unity/unity/Runtime/Export/Debug/Debug.bindings.cs:130)
VuonNho.Views.QaChecklist:Check (string,bool,string) (at C:/Users/PC/Desktop/Game/VuonNho/Assets/Scripts/Views/QaChecklist.cs:2078)
VuonNho.Views.QaChecklist:CheckDoesNotCoverTopCounters (string,UnityEngine.RectTransform) (at C:/Users/PC/Desktop/Game/VuonNho/Assets/Scripts/Views/QaChecklist.cs:1937)
VuonNho.Views.QaChecklist/<RunUiChecks>d__34:MoveNext () (at C:/Users/PC/Desktop/Game/VuonNho/Assets/Scripts/Views/QaChecklist.cs:1378)
UnityEngine.SetupCoroutine:InvokeMoveNext (System.Collections.IEnumerator,intptr) (at C:/build/output/unity/unity/Runtime/Export/Scripting/Coroutines.cs:17)

(Filename: C:/build/output/unity/unity/Runtime/Export/Debug/Debug.bindings.cs Line: 130)

[QA] PASS Nút đóng nhận click thật và đóng bề mặt plot | HudCanvas/PlotPopup/ClosePopup; graphic trên cùng: HudCanvas/PlotPopup/ClosePopup; click handler: HudCanvas/PlotPopup/ClosePopup
UnityEngine.Debug:ExtractStackTraceNoAlloc (byte*,int,string)
UnityEngine.StackTraceUtility:ExtractStackTrace () (at C:/build/output/unity/unity/Runtime/Export/Scripting/StackTrace.cs:23)
UnityEngine.DebugLogHandler:Internal_Log (UnityEngine.LogType,UnityEngine.LogOption,string,UnityEngine.Object)
UnityEngine.DebugLogHandler:LogFormat (UnityEngine.LogType,UnityEngine.Object,string,object[]) (at C:/build/output/unity/unity/Runtime/Export/Logging/DebugLogHandler.cs:9)
UnityEngine.Logger:Log (UnityEngine.LogType,object) (at C:/build/output/unity/unity/Runtime/Export/Logging/Logger.cs:60)
UnityEngine.Debug:Log (object) (at C:/build/output/unity/unity/Runtime/Export/Debug/Debug.bindings.cs:130)
VuonNho.Views.QaChecklist:Check (string,bool,string) (at C:/Users/PC/Desktop/Game/VuonNho/Assets/Scripts/Views/QaChecklist.cs:2078)
VuonNho.Views.QaChecklist:CheckButtonReceivesClick (string,UnityEngine.RectTransform) (at C:/Users/PC/Desktop/Game/VuonNho/Assets/Scripts/Views/QaChecklist.cs:1522)
VuonNho.Views.QaChecklist/<RunUiChecks>d__34:MoveNext () (at C:/Users/PC/Desktop/Game/VuonNho/Assets/Scripts/Views/QaChecklist.cs:1379)
UnityEngine.SetupCoroutine:InvokeMoveNext (System.Collections.IEnumerator,intptr) (at C:/build/output/unity/unity/Runtime/Export/Scripting/Coroutines.cs:17)

(Filename: C:/build/output/unity/unity/Runtime/Export/Debug/Debug.bindings.cs Line: 130)

[QA] PASS Mở được bề mặt finance
UnityEngine.Debug:ExtractStackTraceNoAlloc (byte*,int,string)
UnityEngine.StackTraceUtility:ExtractStackTrace () (at C:/build/output/unity/unity/Runtime/Export/Scripting/StackTrace.cs:23)
UnityEngine.DebugLogHandler:Internal_Log (UnityEngine.LogType,UnityEngine.LogOption,string,UnityEngine.Object)
UnityEngine.DebugLogHandler:LogFormat (UnityEngine.LogType,UnityEngine.Object,string,object[]) (at C:/build/output/unity/unity/Runtime/Export/Logging/DebugLogHandler.cs:9)
UnityEngine.Logger:Log (UnityEngine.LogType,object) (at C:/build/output/unity/unity/Runtime/Export/Logging/Logger.cs:60)
UnityEngine.Debug:Log (object) (at C:/build/output/unity/unity/Runtime/Export/Debug/Debug.bindings.cs:130)
VuonNho.Views.QaChecklist:Check (string,bool,string) (at C:/Users/PC/Desktop/Game/VuonNho/Assets/Scripts/Views/QaChecklist.cs:2078)
VuonNho.Views.QaChecklist/<RunUiChecks>d__34:MoveNext () (at C:/Users/PC/Desktop/Game/VuonNho/Assets/Scripts/Views/QaChecklist.cs:1372)
UnityEngine.SetupCoroutine:InvokeMoveNext (System.Collections.IEnumerator,intptr) (at C:/build/output/unity/unity/Runtime/Export/Scripting/Coroutines.cs:17)

(Filename: C:/build/output/unity/unity/Runtime/Export/Debug/Debug.bindings.cs Line: 130)

[QA] PASS Chữ không tràn khỏi ô chứa — finance | 37 nhãn
UnityEngine.Debug:ExtractStackTraceNoAlloc (byte*,int,string)
UnityEngine.StackTraceUtility:ExtractStackTrace () (at C:/build/output/unity/unity/Runtime/Export/Scripting/StackTrace.cs:23)
UnityEngine.DebugLogHandler:Internal_Log (UnityEngine.LogType,UnityEngine.LogOption,string,UnityEngine.Object)
UnityEngine.DebugLogHandler:LogFormat (UnityEngine.LogType,UnityEngine.Object,string,object[]) (at C:/build/output/unity/unity/Runtime/Export/Logging/DebugLogHandler.cs:9)
UnityEngine.Logger:Log (UnityEngine.LogType,object) (at C:/build/output/unity/unity/Runtime/Export/Logging/Logger.cs:60)
UnityEngine.Debug:Log (object) (at C:/build/output/unity/unity/Runtime/Export/Debug/Debug.bindings.cs:130)
VuonNho.Views.QaChecklist:Check (string,bool,string) (at C:/Users/PC/Desktop/Game/VuonNho/Assets/Scripts/Views/QaChecklist.cs:2078)
VuonNho.Views.QaChecklist:CheckTextOverflow (string,UnityEngine.RectTransform) (at C:/Users/PC/Desktop/Game/VuonNho/Assets/Scripts/Views/QaChecklist.cs:1674)
VuonNho.Views.QaChecklist/<RunUiChecks>d__34:MoveNext () (at C:/Users/PC/Desktop/Game/VuonNho/Assets/Scripts/Views/QaChecklist.cs:1375)
UnityEngine.SetupCoroutine:InvokeMoveNext (System.Collections.IEnumerator,intptr) (at C:/build/output/unity/unity/Runtime/Export/Scripting/Coroutines.cs:17)

(Filename: C:/build/output/unity/unity/Runtime/Export/Debug/Debug.bindings.cs Line: 130)

[QA] PASS Click trên finance bị UI chặn, không xuống tới vườn | UI nhận click: SeedCapital; đối tượng nhận sự kiện pointer: không có; nếu không chặn sẽ trúng WorkshopFence
UnityEngine.Debug:ExtractStackTraceNoAlloc (byte*,int,string)
UnityEngine.StackTraceUtility:ExtractStackTrace () (at C:/build/output/unity/unity/Runtime/Export/Scripting/StackTrace.cs:23)
UnityEngine.DebugLogHandler:Internal_Log (UnityEngine.LogType,UnityEngine.LogOption,string,UnityEngine.Object)
UnityEngine.DebugLogHandler:LogFormat (UnityEngine.LogType,UnityEngine.Object,string,object[]) (at C:/build/output/unity/unity/Runtime/Export/Logging/DebugLogHandler.cs:9)
UnityEngine.Logger:Log (UnityEngine.LogType,object) (at C:/build/output/unity/unity/Runtime/Export/Logging/Logger.cs:60)
UnityEngine.Debug:Log (object) (at C:/build/output/unity/unity/Runtime/Export/Debug/Debug.bindings.cs:130)
VuonNho.Views.QaChecklist:Check (string,bool,string) (at C:/Users/PC/Desktop/Game/VuonNho/Assets/Scripts/Views/QaChecklist.cs:2078)
VuonNho.Views.QaChecklist:CheckBlocksClicks (string,UnityEngine.RectTransform) (at C:/Users/PC/Desktop/Game/VuonNho/Assets/Scripts/Views/QaChecklist.cs:1708)
VuonNho.Views.QaChecklist/<RunUiChecks>d__34:MoveNext () (at C:/Users/PC/Desktop/Game/VuonNho/Assets/Scripts/Views/QaChecklist.cs:1376)
UnityEngine.SetupCoroutine:InvokeMoveNext (System.Collections.IEnumerator,intptr) (at C:/build/output/unity/unity/Runtime/Export/Scripting/Coroutines.cs:17)

(Filename: C:/build/output/unity/unity/Runtime/Export/Debug/Debug.bindings.cs Line: 130)

[QA] PASS finance không che hồ sơ, xu và số thợ | ba thẻ trên cùng vẫn nhìn thấy
UnityEngine.Debug:ExtractStackTraceNoAlloc (byte*,int,string)
UnityEngine.StackTraceUtility:ExtractStackTrace () (at C:/build/output/unity/unity/Runtime/Export/Scripting/StackTrace.cs:23)
UnityEngine.DebugLogHandler:Internal_Log (UnityEngine.LogType,UnityEngine.LogOption,string,UnityEngine.Object)
UnityEngine.DebugLogHandler:LogFormat (UnityEngine.LogType,UnityEngine.Object,string,object[]) (at C:/build/output/unity/unity/Runtime/Export/Logging/DebugLogHandler.cs:9)
UnityEngine.Logger:Log (UnityEngine.LogType,object) (at C:/build/output/unity/unity/Runtime/Export/Logging/Logger.cs:60)
UnityEngine.Debug:Log (object) (at C:/build/output/unity/unity/Runtime/Export/Debug/Debug.bindings.cs:130)
VuonNho.Views.QaChecklist:Check (string,bool,string) (at C:/Users/PC/Desktop/Game/VuonNho/Assets/Scripts/Views/QaChecklist.cs:2078)
VuonNho.Views.QaChecklist:CheckDoesNotCoverTopCounters (string,UnityEngine.RectTransform) (at C:/Users/PC/Desktop/Game/VuonNho/Assets/Scripts/Views/QaChecklist.cs:1937)
VuonNho.Views.QaChecklist/<RunUiChecks>d__34:MoveNext () (at C:/Users/PC/Desktop/Game/VuonNho/Assets/Scripts/Views/QaChecklist.cs:1378)
UnityEngine.SetupCoroutine:InvokeMoveNext (System.Collections.IEnumerator,intptr) (at C:/build/output/unity/unity/Runtime/Export/Scripting/Coroutines.cs:17)

(Filename: C:/build/output/unity/unity/Runtime/Export/Debug/Debug.bindings.cs Line: 130)

[QA] PASS Nút đóng nhận click thật và đóng bề mặt finance | HudCanvas/FinancePanel/Close; graphic trên cùng: HudCanvas/FinancePanel/Close; click handler: HudCanvas/FinancePanel/Close
UnityEngine.Debug:ExtractStackTraceNoAlloc (byte*,int,string)
UnityEngine.StackTraceUtility:ExtractStackTrace () (at C:/build/output/unity/unity/Runtime/Export/Scripting/StackTrace.cs:23)
UnityEngine.DebugLogHandler:Internal_Log (UnityEngine.LogType,UnityEngine.LogOption,string,UnityEngine.Object)
UnityEngine.DebugLogHandler:LogFormat (UnityEngine.LogType,UnityEngine.Object,string,object[]) (at C:/build/output/unity/unity/Runtime/Export/Logging/DebugLogHandler.cs:9)
UnityEngine.Logger:Log (UnityEngine.LogType,object) (at C:/build/output/unity/unity/Runtime/Export/Logging/Logger.cs:60)
UnityEngine.Debug:Log (object) (at C:/build/output/unity/unity/Runtime/Export/Debug/Debug.bindings.cs:130)
VuonNho.Views.QaChecklist:Check (string,bool,string) (at C:/Users/PC/Desktop/Game/VuonNho/Assets/Scripts/Views/QaChecklist.cs:2078)
VuonNho.Views.QaChecklist:CheckButtonReceivesClick (string,UnityEngine.RectTransform) (at C:/Users/PC/Desktop/Game/VuonNho/Assets/Scripts/Views/QaChecklist.cs:1522)
VuonNho.Views.QaChecklist/<RunUiChecks>d__34:MoveNext () (at C:/Users/PC/Desktop/Game/VuonNho/Assets/Scripts/Views/QaChecklist.cs:1379)
UnityEngine.SetupCoroutine:InvokeMoveNext (System.Collections.IEnumerator,intptr) (at C:/build/output/unity/unity/Runtime/Export/Scripting/Coroutines.cs:17)

(Filename: C:/build/output/unity/unity/Runtime/Export/Debug/Debug.bindings.cs Line: 130)

[QA] PASS Mở được bề mặt agronomy
UnityEngine.Debug:ExtractStackTraceNoAlloc (byte*,int,string)
UnityEngine.StackTraceUtility:ExtractStackTrace () (at C:/build/output/unity/unity/Runtime/Export/Scripting/StackTrace.cs:23)
UnityEngine.DebugLogHandler:Internal_Log (UnityEngine.LogType,UnityEngine.LogOption,string,UnityEngine.Object)
UnityEngine.DebugLogHandler:LogFormat (UnityEngine.LogType,UnityEngine.Object,string,object[]) (at C:/build/output/unity/unity/Runtime/Export/Logging/DebugLogHandler.cs:9)
UnityEngine.Logger:Log (UnityEngine.LogType,object) (at C:/build/output/unity/unity/Runtime/Export/Logging/Logger.cs:60)
UnityEngine.Debug:Log (object) (at C:/build/output/unity/unity/Runtime/Export/Debug/Debug.bindings.cs:130)
VuonNho.Views.QaChecklist:Check (string,bool,string) (at C:/Users/PC/Desktop/Game/VuonNho/Assets/Scripts/Views/QaChecklist.cs:2078)
VuonNho.Views.QaChecklist/<RunUiChecks>d__34:MoveNext () (at C:/Users/PC/Desktop/Game/VuonNho/Assets/Scripts/Views/QaChecklist.cs:1372)
UnityEngine.SetupCoroutine:InvokeMoveNext (System.Collections.IEnumerator,intptr) (at C:/build/output/unity/unity/Runtime/Export/Scripting/Coroutines.cs:17)

(Filename: C:/build/output/unity/unity/Runtime/Export/Debug/Debug.bindings.cs Line: 130)

[QA] PASS Chữ không tràn khỏi ô chứa — agronomy | 104 nhãn
UnityEngine.Debug:ExtractStackTraceNoAlloc (byte*,int,string)
UnityEngine.StackTraceUtility:ExtractStackTrace () (at C:/build/output/unity/unity/Runtime/Export/Scripting/StackTrace.cs:23)
UnityEngine.DebugLogHandler:Internal_Log (UnityEngine.LogType,UnityEngine.LogOption,string,UnityEngine.Object)
UnityEngine.DebugLogHandler:LogFormat (UnityEngine.LogType,UnityEngine.Object,string,object[]) (at C:/build/output/unity/unity/Runtime/Export/Logging/DebugLogHandler.cs:9)
UnityEngine.Logger:Log (UnityEngine.LogType,object) (at C:/build/output/unity/unity/Runtime/Export/Logging/Logger.cs:60)
UnityEngine.Debug:Log (object) (at C:/build/output/unity/unity/Runtime/Export/Debug/Debug.bindings.cs:130)
VuonNho.Views.QaChecklist:Check (string,bool,string) (at C:/Users/PC/Desktop/Game/VuonNho/Assets/Scripts/Views/QaChecklist.cs:2078)
VuonNho.Views.QaChecklist:CheckTextOverflow (string,UnityEngine.RectTransform) (at C:/Users/PC/Desktop/Game/VuonNho/Assets/Scripts/Views/QaChecklist.cs:1674)
VuonNho.Views.QaChecklist/<RunUiChecks>d__34:MoveNext () (at C:/Users/PC/Desktop/Game/VuonNho/Assets/Scripts/Views/QaChecklist.cs:1375)
UnityEngine.SetupCoroutine:InvokeMoveNext (System.Collections.IEnumerator,intptr) (at C:/build/output/unity/unity/Runtime/Export/Scripting/Coroutines.cs:17)

(Filename: C:/build/output/unity/unity/Runtime/Export/Debug/Debug.bindings.cs Line: 130)

[QA] PASS Click trên agronomy bị UI chặn, không xuống tới vườn | UI nhận click: SeasonNow; đối tượng nhận sự kiện pointer: không có; nếu không chặn sẽ trúng WorkshopFence
UnityEngine.Debug:ExtractStackTraceNoAlloc (byte*,int,string)
UnityEngine.StackTraceUtility:ExtractStackTrace () (at C:/build/output/unity/unity/Runtime/Export/Scripting/StackTrace.cs:23)
UnityEngine.DebugLogHandler:Internal_Log (UnityEngine.LogType,UnityEngine.LogOption,string,UnityEngine.Object)
UnityEngine.DebugLogHandler:LogFormat (UnityEngine.LogType,UnityEngine.Object,string,object[]) (at C:/build/output/unity/unity/Runtime/Export/Logging/DebugLogHandler.cs:9)
UnityEngine.Logger:Log (UnityEngine.LogType,object) (at C:/build/output/unity/unity/Runtime/Export/Logging/Logger.cs:60)
UnityEngine.Debug:Log (object) (at C:/build/output/unity/unity/Runtime/Export/Debug/Debug.bindings.cs:130)
VuonNho.Views.QaChecklist:Check (string,bool,string) (at C:/Users/PC/Desktop/Game/VuonNho/Assets/Scripts/Views/QaChecklist.cs:2078)
VuonNho.Views.QaChecklist:CheckBlocksClicks (string,UnityEngine.RectTransform) (at C:/Users/PC/Desktop/Game/VuonNho/Assets/Scripts/Views/QaChecklist.cs:1708)
VuonNho.Views.QaChecklist/<RunUiChecks>d__34:MoveNext () (at C:/Users/PC/Desktop/Game/VuonNho/Assets/Scripts/Views/QaChecklist.cs:1376)
UnityEngine.SetupCoroutine:InvokeMoveNext (System.Collections.IEnumerator,intptr) (at C:/build/output/unity/unity/Runtime/Export/Scripting/Coroutines.cs:17)

(Filename: C:/build/output/unity/unity/Runtime/Export/Debug/Debug.bindings.cs Line: 130)

[QA] PASS agronomy không che hồ sơ, xu và số thợ | ba thẻ trên cùng vẫn nhìn thấy
UnityEngine.Debug:ExtractStackTraceNoAlloc (byte*,int,string)
UnityEngine.StackTraceUtility:ExtractStackTrace () (at C:/build/output/unity/unity/Runtime/Export/Scripting/StackTrace.cs:23)
UnityEngine.DebugLogHandler:Internal_Log (UnityEngine.LogType,UnityEngine.LogOption,string,UnityEngine.Object)
UnityEngine.DebugLogHandler:LogFormat (UnityEngine.LogType,UnityEngine.Object,string,object[]) (at C:/build/output/unity/unity/Runtime/Export/Logging/DebugLogHandler.cs:9)
UnityEngine.Logger:Log (UnityEngine.LogType,object) (at C:/build/output/unity/unity/Runtime/Export/Logging/Logger.cs:60)
UnityEngine.Debug:Log (object) (at C:/build/output/unity/unity/Runtime/Export/Debug/Debug.bindings.cs:130)
VuonNho.Views.QaChecklist:Check (string,bool,string) (at C:/Users/PC/Desktop/Game/VuonNho/Assets/Scripts/Views/QaChecklist.cs:2078)
VuonNho.Views.QaChecklist:CheckDoesNotCoverTopCounters (string,UnityEngine.RectTransform) (at C:/Users/PC/Desktop/Game/VuonNho/Assets/Scripts/Views/QaChecklist.cs:1937)
VuonNho.Views.QaChecklist/<RunUiChecks>d__34:MoveNext () (at C:/Users/PC/Desktop/Game/VuonNho/Assets/Scripts/Views/QaChecklist.cs:1378)
UnityEngine.SetupCoroutine:InvokeMoveNext (System.Collections.IEnumerator,intptr) (at C:/build/output/unity/unity/Runtime/Export/Scripting/Coroutines.cs:17)

(Filename: C:/build/output/unity/unity/Runtime/Export/Debug/Debug.bindings.cs Line: 130)

[QA] PASS Nút đóng nhận click thật và đóng bề mặt agronomy | HudCanvas/AgronomyPanel/Close; graphic trên cùng: HudCanvas/AgronomyPanel/Close; click handler: HudCanvas/AgronomyPanel/Close
UnityEngine.Debug:ExtractStackTraceNoAlloc (byte*,int,string)
UnityEngine.StackTraceUtility:ExtractStackTrace () (at C:/build/output/unity/unity/Runtime/Export/Scripting/StackTrace.cs:23)
UnityEngine.DebugLogHandler:Internal_Log (UnityEngine.LogType,UnityEngine.LogOption,string,UnityEngine.Object)
UnityEngine.DebugLogHandler:LogFormat (UnityEngine.LogType,UnityEngine.Object,string,object[]) (at C:/build/output/unity/unity/Runtime/Export/Logging/DebugLogHandler.cs:9)
UnityEngine.Logger:Log (UnityEngine.LogType,object) (at C:/build/output/unity/unity/Runtime/Export/Logging/Logger.cs:60)
UnityEngine.Debug:Log (object) (at C:/build/output/unity/unity/Runtime/Export/Debug/Debug.bindings.cs:130)
VuonNho.Views.QaChecklist:Check (string,bool,string) (at C:/Users/PC/Desktop/Game/VuonNho/Assets/Scripts/Views/QaChecklist.cs:2078)
VuonNho.Views.QaChecklist:CheckButtonReceivesClick (string,UnityEngine.RectTransform) (at C:/Users/PC/Desktop/Game/VuonNho/Assets/Scripts/Views/QaChecklist.cs:1522)
VuonNho.Views.QaChecklist/<RunUiChecks>d__34:MoveNext () (at C:/Users/PC/Desktop/Game/VuonNho/Assets/Scripts/Views/QaChecklist.cs:1379)
UnityEngine.SetupCoroutine:InvokeMoveNext (System.Collections.IEnumerator,intptr) (at C:/build/output/unity/unity/Runtime/Export/Scripting/Coroutines.cs:17)

(Filename: C:/build/output/unity/unity/Runtime/Export/Debug/Debug.bindings.cs Line: 130)

[QA] PASS Mở được bề mặt craft
UnityEngine.Debug:ExtractStackTraceNoAlloc (byte*,int,string)
UnityEngine.StackTraceUtility:ExtractStackTrace () (at C:/build/output/unity/unity/Runtime/Export/Scripting/StackTrace.cs:23)
UnityEngine.DebugLogHandler:Internal_Log (UnityEngine.LogType,UnityEngine.LogOption,string,UnityEngine.Object)
UnityEngine.DebugLogHandler:LogFormat (UnityEngine.LogType,UnityEngine.Object,string,object[]) (at C:/build/output/unity/unity/Runtime/Export/Logging/DebugLogHandler.cs:9)
UnityEngine.Logger:Log (UnityEngine.LogType,object) (at C:/build/output/unity/unity/Runtime/Export/Logging/Logger.cs:60)
UnityEngine.Debug:Log (object) (at C:/build/output/unity/unity/Runtime/Export/Debug/Debug.bindings.cs:130)
VuonNho.Views.QaChecklist:Check (string,bool,string) (at C:/Users/PC/Desktop/Game/VuonNho/Assets/Scripts/Views/QaChecklist.cs:2078)
VuonNho.Views.QaChecklist/<RunUiChecks>d__34:MoveNext () (at C:/Users/PC/Desktop/Game/VuonNho/Assets/Scripts/Views/QaChecklist.cs:1372)
UnityEngine.SetupCoroutine:InvokeMoveNext (System.Collections.IEnumerator,intptr) (at C:/build/output/unity/unity/Runtime/Export/Scripting/Coroutines.cs:17)

(Filename: C:/build/output/unity/unity/Runtime/Export/Debug/Debug.bindings.cs Line: 130)

[QA] PASS Chữ không tràn khỏi ô chứa — craft | 42 nhãn
UnityEngine.Debug:ExtractStackTraceNoAlloc (byte*,int,string)
UnityEngine.StackTraceUtility:ExtractStackTrace () (at C:/build/output/unity/unity/Runtime/Export/Scripting/StackTrace.cs:23)
UnityEngine.DebugLogHandler:Internal_Log (UnityEngine.LogType,UnityEngine.LogOption,string,UnityEngine.Object)
UnityEngine.DebugLogHandler:LogFormat (UnityEngine.LogType,UnityEngine.Object,string,object[]) (at C:/build/output/unity/unity/Runtime/Export/Logging/DebugLogHandler.cs:9)
UnityEngine.Logger:Log (UnityEngine.LogType,object) (at C:/build/output/unity/unity/Runtime/Export/Logging/Logger.cs:60)
UnityEngine.Debug:Log (object) (at C:/build/output/unity/unity/Runtime/Export/Debug/Debug.bindings.cs:130)
VuonNho.Views.QaChecklist:Check (string,bool,string) (at C:/Users/PC/Desktop/Game/VuonNho/Assets/Scripts/Views/QaChecklist.cs:2078)
VuonNho.Views.QaChecklist:CheckTextOverflow (string,UnityEngine.RectTransform) (at C:/Users/PC/Desktop/Game/VuonNho/Assets/Scripts/Views/QaChecklist.cs:1674)
VuonNho.Views.QaChecklist/<RunUiChecks>d__34:MoveNext () (at C:/Users/PC/Desktop/Game/VuonNho/Assets/Scripts/Views/QaChecklist.cs:1375)
UnityEngine.SetupCoroutine:InvokeMoveNext (System.Collections.IEnumerator,intptr) (at C:/build/output/unity/unity/Runtime/Export/Scripting/Coroutines.cs:17)

(Filename: C:/build/output/unity/unity/Runtime/Export/Debug/Debug.bindings.cs Line: 130)

[QA] PASS Click trên craft bị UI chặn, không xuống tới vườn | UI nhận click: Dial0; đối tượng nhận sự kiện pointer: không có; nếu không chặn sẽ trúng WorkshopFence
UnityEngine.Debug:ExtractStackTraceNoAlloc (byte*,int,string)
UnityEngine.StackTraceUtility:ExtractStackTrace () (at C:/build/output/unity/unity/Runtime/Export/Scripting/StackTrace.cs:23)
UnityEngine.DebugLogHandler:Internal_Log (UnityEngine.LogType,UnityEngine.LogOption,string,UnityEngine.Object)
UnityEngine.DebugLogHandler:LogFormat (UnityEngine.LogType,UnityEngine.Object,string,object[]) (at C:/build/output/unity/unity/Runtime/Export/Logging/DebugLogHandler.cs:9)
UnityEngine.Logger:Log (UnityEngine.LogType,object) (at C:/build/output/unity/unity/Runtime/Export/Logging/Logger.cs:60)
UnityEngine.Debug:Log (object) (at C:/build/output/unity/unity/Runtime/Export/Debug/Debug.bindings.cs:130)
VuonNho.Views.QaChecklist:Check (string,bool,string) (at C:/Users/PC/Desktop/Game/VuonNho/Assets/Scripts/Views/QaChecklist.cs:2078)
VuonNho.Views.QaChecklist:CheckBlocksClicks (string,UnityEngine.RectTransform) (at C:/Users/PC/Desktop/Game/VuonNho/Assets/Scripts/Views/QaChecklist.cs:1708)
VuonNho.Views.QaChecklist/<RunUiChecks>d__34:MoveNext () (at C:/Users/PC/Desktop/Game/VuonNho/Assets/Scripts/Views/QaChecklist.cs:1376)
UnityEngine.SetupCoroutine:InvokeMoveNext (System.Collections.IEnumerator,intptr) (at C:/build/output/unity/unity/Runtime/Export/Scripting/Coroutines.cs:17)

(Filename: C:/build/output/unity/unity/Runtime/Export/Debug/Debug.bindings.cs Line: 130)

[QA] PASS craft không che hồ sơ, xu và số thợ | ba thẻ trên cùng vẫn nhìn thấy
UnityEngine.Debug:ExtractStackTraceNoAlloc (byte*,int,string)
UnityEngine.StackTraceUtility:ExtractStackTrace () (at C:/build/output/unity/unity/Runtime/Export/Scripting/StackTrace.cs:23)
UnityEngine.DebugLogHandler:Internal_Log (UnityEngine.LogType,UnityEngine.LogOption,string,UnityEngine.Object)
UnityEngine.DebugLogHandler:LogFormat (UnityEngine.LogType,UnityEngine.Object,string,object[]) (at C:/build/output/unity/unity/Runtime/Export/Logging/DebugLogHandler.cs:9)
UnityEngine.Logger:Log (UnityEngine.LogType,object) (at C:/build/output/unity/unity/Runtime/Export/Logging/Logger.cs:60)
UnityEngine.Debug:Log (object) (at C:/build/output/unity/unity/Runtime/Export/Debug/Debug.bindings.cs:130)
VuonNho.Views.QaChecklist:Check (string,bool,string) (at C:/Users/PC/Desktop/Game/VuonNho/Assets/Scripts/Views/QaChecklist.cs:2078)
VuonNho.Views.QaChecklist:CheckDoesNotCoverTopCounters (string,UnityEngine.RectTransform) (at C:/Users/PC/Desktop/Game/VuonNho/Assets/Scripts/Views/QaChecklist.cs:1937)
VuonNho.Views.QaChecklist/<RunUiChecks>d__34:MoveNext () (at C:/Users/PC/Desktop/Game/VuonNho/Assets/Scripts/Views/QaChecklist.cs:1378)
UnityEngine.SetupCoroutine:InvokeMoveNext (System.Collections.IEnumerator,intptr) (at C:/build/output/unity/unity/Runtime/Export/Scripting/Coroutines.cs:17)

(Filename: C:/build/output/unity/unity/Runtime/Export/Debug/Debug.bindings.cs Line: 130)

[QA] PASS Nút đóng nhận click thật và đóng bề mặt craft | HudCanvas/CraftPanel/Close; graphic trên cùng: HudCanvas/CraftPanel/Close; click handler: HudCanvas/CraftPanel/Close
UnityEngine.Debug:ExtractStackTraceNoAlloc (byte*,int,string)
UnityEngine.StackTraceUtility:ExtractStackTrace () (at C:/build/output/unity/unity/Runtime/Export/Scripting/StackTrace.cs:23)
UnityEngine.DebugLogHandler:Internal_Log (UnityEngine.LogType,UnityEngine.LogOption,string,UnityEngine.Object)
UnityEngine.DebugLogHandler:LogFormat (UnityEngine.LogType,UnityEngine.Object,string,object[]) (at C:/build/output/unity/unity/Runtime/Export/Logging/DebugLogHandler.cs:9)
UnityEngine.Logger:Log (UnityEngine.LogType,object) (at C:/build/output/unity/unity/Runtime/Export/Logging/Logger.cs:60)
UnityEngine.Debug:Log (object) (at C:/build/output/unity/unity/Runtime/Export/Debug/Debug.bindings.cs:130)
VuonNho.Views.QaChecklist:Check (string,bool,string) (at C:/Users/PC/Desktop/Game/VuonNho/Assets/Scripts/Views/QaChecklist.cs:2078)
VuonNho.Views.QaChecklist:CheckButtonReceivesClick (string,UnityEngine.RectTransform) (at C:/Users/PC/Desktop/Game/VuonNho/Assets/Scripts/Views/QaChecklist.cs:1522)
VuonNho.Views.QaChecklist/<RunUiChecks>d__34:MoveNext () (at C:/Users/PC/Desktop/Game/VuonNho/Assets/Scripts/Views/QaChecklist.cs:1379)
UnityEngine.SetupCoroutine:InvokeMoveNext (System.Collections.IEnumerator,intptr) (at C:/build/output/unity/unity/Runtime/Export/Scripting/Coroutines.cs:17)

(Filename: C:/build/output/unity/unity/Runtime/Export/Debug/Debug.bindings.cs Line: 130)

[QA] PASS Mở được bề mặt legal
UnityEngine.Debug:ExtractStackTraceNoAlloc (byte*,int,string)
UnityEngine.StackTraceUtility:ExtractStackTrace () (at C:/build/output/unity/unity/Runtime/Export/Scripting/StackTrace.cs:23)
UnityEngine.DebugLogHandler:Internal_Log (UnityEngine.LogType,UnityEngine.LogOption,string,UnityEngine.Object)
UnityEngine.DebugLogHandler:LogFormat (UnityEngine.LogType,UnityEngine.Object,string,object[]) (at C:/build/output/unity/unity/Runtime/Export/Logging/DebugLogHandler.cs:9)
UnityEngine.Logger:Log (UnityEngine.LogType,object) (at C:/build/output/unity/unity/Runtime/Export/Logging/Logger.cs:60)
UnityEngine.Debug:Log (object) (at C:/build/output/unity/unity/Runtime/Export/Debug/Debug.bindings.cs:130)
VuonNho.Views.QaChecklist:Check (string,bool,string) (at C:/Users/PC/Desktop/Game/VuonNho/Assets/Scripts/Views/QaChecklist.cs:2078)
VuonNho.Views.QaChecklist/<RunUiChecks>d__34:MoveNext () (at C:/Users/PC/Desktop/Game/VuonNho/Assets/Scripts/Views/QaChecklist.cs:1372)
UnityEngine.SetupCoroutine:InvokeMoveNext (System.Collections.IEnumerator,intptr) (at C:/build/output/unity/unity/Runtime/Export/Scripting/Coroutines.cs:17)

(Filename: C:/build/output/unity/unity/Runtime/Export/Debug/Debug.bindings.cs Line: 130)

[QA] PASS Chữ không tràn khỏi ô chứa — legal | 72 nhãn
UnityEngine.Debug:ExtractStackTraceNoAlloc (byte*,int,string)
UnityEngine.StackTraceUtility:ExtractStackTrace () (at C:/build/output/unity/unity/Runtime/Export/Scripting/StackTrace.cs:23)
UnityEngine.DebugLogHandler:Internal_Log (UnityEngine.LogType,UnityEngine.LogOption,string,UnityEngine.Object)
UnityEngine.DebugLogHandler:LogFormat (UnityEngine.LogType,UnityEngine.Object,string,object[]) (at C:/build/output/unity/unity/Runtime/Export/Logging/DebugLogHandler.cs:9)
UnityEngine.Logger:Log (UnityEngine.LogType,object) (at C:/build/output/unity/unity/Runtime/Export/Logging/Logger.cs:60)
UnityEngine.Debug:Log (object) (at C:/build/output/unity/unity/Runtime/Export/Debug/Debug.bindings.cs:130)
VuonNho.Views.QaChecklist:Check (string,bool,string) (at C:/Users/PC/Desktop/Game/VuonNho/Assets/Scripts/Views/QaChecklist.cs:2078)
VuonNho.Views.QaChecklist:CheckTextOverflow (string,UnityEngine.RectTransform) (at C:/Users/PC/Desktop/Game/VuonNho/Assets/Scripts/Views/QaChecklist.cs:1674)
VuonNho.Views.QaChecklist/<RunUiChecks>d__34:MoveNext () (at C:/Users/PC/Desktop/Game/VuonNho/Assets/Scripts/Views/QaChecklist.cs:1375)
UnityEngine.SetupCoroutine:InvokeMoveNext (System.Collections.IEnumerator,intptr) (at C:/build/output/unity/unity/Runtime/Export/Scripting/Coroutines.cs:17)

(Filename: C:/build/output/unity/unity/Runtime/Export/Debug/Debug.bindings.cs Line: 130)

[QA] PASS Click trên legal bị UI chặn, không xuống tới vườn | UI nhận click: LegalStatus; đối tượng nhận sự kiện pointer: không có; nếu không chặn sẽ trúng WorkshopFence
UnityEngine.Debug:ExtractStackTraceNoAlloc (byte*,int,string)
UnityEngine.StackTraceUtility:ExtractStackTrace () (at C:/build/output/unity/unity/Runtime/Export/Scripting/StackTrace.cs:23)
UnityEngine.DebugLogHandler:Internal_Log (UnityEngine.LogType,UnityEngine.LogOption,string,UnityEngine.Object)
UnityEngine.DebugLogHandler:LogFormat (UnityEngine.LogType,UnityEngine.Object,string,object[]) (at C:/build/output/unity/unity/Runtime/Export/Logging/DebugLogHandler.cs:9)
UnityEngine.Logger:Log (UnityEngine.LogType,object) (at C:/build/output/unity/unity/Runtime/Export/Logging/Logger.cs:60)
UnityEngine.Debug:Log (object) (at C:/build/output/unity/unity/Runtime/Export/Debug/Debug.bindings.cs:130)
VuonNho.Views.QaChecklist:Check (string,bool,string) (at C:/Users/PC/Desktop/Game/VuonNho/Assets/Scripts/Views/QaChecklist.cs:2078)
VuonNho.Views.QaChecklist:CheckBlocksClicks (string,UnityEngine.RectTransform) (at C:/Users/PC/Desktop/Game/VuonNho/Assets/Scripts/Views/QaChecklist.cs:1708)
VuonNho.Views.QaChecklist/<RunUiChecks>d__34:MoveNext () (at C:/Users/PC/Desktop/Game/VuonNho/Assets/Scripts/Views/QaChecklist.cs:1376)
UnityEngine.SetupCoroutine:InvokeMoveNext (System.Collections.IEnumerator,intptr) (at C:/build/output/unity/unity/Runtime/Export/Scripting/Coroutines.cs:17)

(Filename: C:/build/output/unity/unity/Runtime/Export/Debug/Debug.bindings.cs Line: 130)

[QA] PASS legal không che hồ sơ, xu và số thợ | ba thẻ trên cùng vẫn nhìn thấy
UnityEngine.Debug:ExtractStackTraceNoAlloc (byte*,int,string)
UnityEngine.StackTraceUtility:ExtractStackTrace () (at C:/build/output/unity/unity/Runtime/Export/Scripting/StackTrace.cs:23)
UnityEngine.DebugLogHandler:Internal_Log (UnityEngine.LogType,UnityEngine.LogOption,string,UnityEngine.Object)
UnityEngine.DebugLogHandler:LogFormat (UnityEngine.LogType,UnityEngine.Object,string,object[]) (at C:/build/output/unity/unity/Runtime/Export/Logging/DebugLogHandler.cs:9)
UnityEngine.Logger:Log (UnityEngine.LogType,object) (at C:/build/output/unity/unity/Runtime/Export/Logging/Logger.cs:60)
UnityEngine.Debug:Log (object) (at C:/build/output/unity/unity/Runtime/Export/Debug/Debug.bindings.cs:130)
VuonNho.Views.QaChecklist:Check (string,bool,string) (at C:/Users/PC/Desktop/Game/VuonNho/Assets/Scripts/Views/QaChecklist.cs:2078)
VuonNho.Views.QaChecklist:CheckDoesNotCoverTopCounters (string,UnityEngine.RectTransform) (at C:/Users/PC/Desktop/Game/VuonNho/Assets/Scripts/Views/QaChecklist.cs:1937)
VuonNho.Views.QaChecklist/<RunUiChecks>d__34:MoveNext () (at C:/Users/PC/Desktop/Game/VuonNho/Assets/Scripts/Views/QaChecklist.cs:1378)
UnityEngine.SetupCoroutine:InvokeMoveNext (System.Collections.IEnumerator,intptr) (at C:/build/output/unity/unity/Runtime/Export/Scripting/Coroutines.cs:17)

(Filename: C:/build/output/unity/unity/Runtime/Export/Debug/Debug.bindings.cs Line: 130)

[QA] PASS Nút đóng nhận click thật và đóng bề mặt legal | HudCanvas/LegalPanel/Close; graphic trên cùng: HudCanvas/LegalPanel/Close; click handler: HudCanvas/LegalPanel/Close
UnityEngine.Debug:ExtractStackTraceNoAlloc (byte*,int,string)
UnityEngine.StackTraceUtility:ExtractStackTrace () (at C:/build/output/unity/unity/Runtime/Export/Scripting/StackTrace.cs:23)
UnityEngine.DebugLogHandler:Internal_Log (UnityEngine.LogType,UnityEngine.LogOption,string,UnityEngine.Object)
UnityEngine.DebugLogHandler:LogFormat (UnityEngine.LogType,UnityEngine.Object,string,object[]) (at C:/build/output/unity/unity/Runtime/Export/Logging/DebugLogHandler.cs:9)
UnityEngine.Logger:Log (UnityEngine.LogType,object) (at C:/build/output/unity/unity/Runtime/Export/Logging/Logger.cs:60)
UnityEngine.Debug:Log (object) (at C:/build/output/unity/unity/Runtime/Export/Debug/Debug.bindings.cs:130)
VuonNho.Views.QaChecklist:Check (string,bool,string) (at C:/Users/PC/Desktop/Game/VuonNho/Assets/Scripts/Views/QaChecklist.cs:2078)
VuonNho.Views.QaChecklist:CheckButtonReceivesClick (string,UnityEngine.RectTransform) (at C:/Users/PC/Desktop/Game/VuonNho/Assets/Scripts/Views/QaChecklist.cs:1522)
VuonNho.Views.QaChecklist/<RunUiChecks>d__34:MoveNext () (at C:/Users/PC/Desktop/Game/VuonNho/Assets/Scripts/Views/QaChecklist.cs:1379)
UnityEngine.SetupCoroutine:InvokeMoveNext (System.Collections.IEnumerator,intptr) (at C:/build/output/unity/unity/Runtime/Export/Scripting/Coroutines.cs:17)

(Filename: C:/build/output/unity/unity/Runtime/Export/Debug/Debug.bindings.cs Line: 130)

[QA] PASS Mở được bề mặt model
UnityEngine.Debug:ExtractStackTraceNoAlloc (byte*,int,string)
UnityEngine.StackTraceUtility:ExtractStackTrace () (at C:/build/output/unity/unity/Runtime/Export/Scripting/StackTrace.cs:23)
UnityEngine.DebugLogHandler:Internal_Log (UnityEngine.LogType,UnityEngine.LogOption,string,UnityEngine.Object)
UnityEngine.DebugLogHandler:LogFormat (UnityEngine.LogType,UnityEngine.Object,string,object[]) (at C:/build/output/unity/unity/Runtime/Export/Logging/DebugLogHandler.cs:9)
UnityEngine.Logger:Log (UnityEngine.LogType,object) (at C:/build/output/unity/unity/Runtime/Export/Logging/Logger.cs:60)
UnityEngine.Debug:Log (object) (at C:/build/output/unity/unity/Runtime/Export/Debug/Debug.bindings.cs:130)
VuonNho.Views.QaChecklist:Check (string,bool,string) (at C:/Users/PC/Desktop/Game/VuonNho/Assets/Scripts/Views/QaChecklist.cs:2078)
VuonNho.Views.QaChecklist/<RunUiChecks>d__34:MoveNext () (at C:/Users/PC/Desktop/Game/VuonNho/Assets/Scripts/Views/QaChecklist.cs:1372)
UnityEngine.SetupCoroutine:InvokeMoveNext (System.Collections.IEnumerator,intptr) (at C:/build/output/unity/unity/Runtime/Export/Scripting/Coroutines.cs:17)

(Filename: C:/build/output/unity/unity/Runtime/Export/Debug/Debug.bindings.cs Line: 130)

[QA] PASS Chữ không tràn khỏi ô chứa — model | 55 nhãn
UnityEngine.Debug:ExtractStackTraceNoAlloc (byte*,int,string)
UnityEngine.StackTraceUtility:ExtractStackTrace () (at C:/build/output/unity/unity/Runtime/Export/Scripting/StackTrace.cs:23)
UnityEngine.DebugLogHandler:Internal_Log (UnityEngine.LogType,UnityEngine.LogOption,string,UnityEngine.Object)
UnityEngine.DebugLogHandler:LogFormat (UnityEngine.LogType,UnityEngine.Object,string,object[]) (at C:/build/output/unity/unity/Runtime/Export/Logging/DebugLogHandler.cs:9)
UnityEngine.Logger:Log (UnityEngine.LogType,object) (at C:/build/output/unity/unity/Runtime/Export/Logging/Logger.cs:60)
UnityEngine.Debug:Log (object) (at C:/build/output/unity/unity/Runtime/Export/Debug/Debug.bindings.cs:130)
VuonNho.Views.QaChecklist:Check (string,bool,string) (at C:/Users/PC/Desktop/Game/VuonNho/Assets/Scripts/Views/QaChecklist.cs:2078)
VuonNho.Views.QaChecklist:CheckTextOverflow (string,UnityEngine.RectTransform) (at C:/Users/PC/Desktop/Game/VuonNho/Assets/Scripts/Views/QaChecklist.cs:1674)
VuonNho.Views.QaChecklist/<RunUiChecks>d__34:MoveNext () (at C:/Users/PC/Desktop/Game/VuonNho/Assets/Scripts/Views/QaChecklist.cs:1375)
UnityEngine.SetupCoroutine:InvokeMoveNext (System.Collections.IEnumerator,intptr) (at C:/build/output/unity/unity/Runtime/Export/Scripting/Coroutines.cs:17)

(Filename: C:/build/output/unity/unity/Runtime/Export/Debug/Debug.bindings.cs Line: 130)

[QA] PASS Click trên model bị UI chặn, không xuống tới vườn | UI nhận click: Branch_BulkB2B; đối tượng nhận sự kiện pointer: không có; nếu không chặn sẽ trúng WorkshopFence
UnityEngine.Debug:ExtractStackTraceNoAlloc (byte*,int,string)
UnityEngine.StackTraceUtility:ExtractStackTrace () (at C:/build/output/unity/unity/Runtime/Export/Scripting/StackTrace.cs:23)
UnityEngine.DebugLogHandler:Internal_Log (UnityEngine.LogType,UnityEngine.LogOption,string,UnityEngine.Object)
UnityEngine.DebugLogHandler:LogFormat (UnityEngine.LogType,UnityEngine.Object,string,object[]) (at C:/build/output/unity/unity/Runtime/Export/Logging/DebugLogHandler.cs:9)
UnityEngine.Logger:Log (UnityEngine.LogType,object) (at C:/build/output/unity/unity/Runtime/Export/Logging/Logger.cs:60)
UnityEngine.Debug:Log (object) (at C:/build/output/unity/unity/Runtime/Export/Debug/Debug.bindings.cs:130)
VuonNho.Views.QaChecklist:Check (string,bool,string) (at C:/Users/PC/Desktop/Game/VuonNho/Assets/Scripts/Views/QaChecklist.cs:2078)
VuonNho.Views.QaChecklist:CheckBlocksClicks (string,UnityEngine.RectTransform) (at C:/Users/PC/Desktop/Game/VuonNho/Assets/Scripts/Views/QaChecklist.cs:1708)
VuonNho.Views.QaChecklist/<RunUiChecks>d__34:MoveNext () (at C:/Users/PC/Desktop/Game/VuonNho/Assets/Scripts/Views/QaChecklist.cs:1376)
UnityEngine.SetupCoroutine:InvokeMoveNext (System.Collections.IEnumerator,intptr) (at C:/build/output/unity/unity/Runtime/Export/Scripting/Coroutines.cs:17)

(Filename: C:/build/output/unity/unity/Runtime/Export/Debug/Debug.bindings.cs Line: 130)

[QA] PASS model không che hồ sơ, xu và số thợ | ba thẻ trên cùng vẫn nhìn thấy
UnityEngine.Debug:ExtractStackTraceNoAlloc (byte*,int,string)
UnityEngine.StackTraceUtility:ExtractStackTrace () (at C:/build/output/unity/unity/Runtime/Export/Scripting/StackTrace.cs:23)
UnityEngine.DebugLogHandler:Internal_Log (UnityEngine.LogType,UnityEngine.LogOption,string,UnityEngine.Object)
UnityEngine.DebugLogHandler:LogFormat (UnityEngine.LogType,UnityEngine.Object,string,object[]) (at C:/build/output/unity/unity/Runtime/Export/Logging/DebugLogHandler.cs:9)
UnityEngine.Logger:Log (UnityEngine.LogType,object) (at C:/build/output/unity/unity/Runtime/Export/Logging/Logger.cs:60)
UnityEngine.Debug:Log (object) (at C:/build/output/unity/unity/Runtime/Export/Debug/Debug.bindings.cs:130)
VuonNho.Views.QaChecklist:Check (string,bool,string) (at C:/Users/PC/Desktop/Game/VuonNho/Assets/Scripts/Views/QaChecklist.cs:2078)
VuonNho.Views.QaChecklist:CheckDoesNotCoverTopCounters (string,UnityEngine.RectTransform) (at C:/Users/PC/Desktop/Game/VuonNho/Assets/Scripts/Views/QaChecklist.cs:1937)
VuonNho.Views.QaChecklist/<RunUiChecks>d__34:MoveNext () (at C:/Users/PC/Desktop/Game/VuonNho/Assets/Scripts/Views/QaChecklist.cs:1378)
UnityEngine.SetupCoroutine:InvokeMoveNext (System.Collections.IEnumerator,intptr) (at C:/build/output/unity/unity/Runtime/Export/Scripting/Coroutines.cs:17)

(Filename: C:/build/output/unity/unity/Runtime/Export/Debug/Debug.bindings.cs Line: 130)

[QA] PASS Nút đóng nhận click thật và đóng bề mặt model | HudCanvas/ModelPanel/Close; graphic trên cùng: HudCanvas/ModelPanel/Close; click handler: HudCanvas/ModelPanel/Close
UnityEngine.Debug:ExtractStackTraceNoAlloc (byte*,int,string)
UnityEngine.StackTraceUtility:ExtractStackTrace () (at C:/build/output/unity/unity/Runtime/Export/Scripting/StackTrace.cs:23)
UnityEngine.DebugLogHandler:Internal_Log (UnityEngine.LogType,UnityEngine.LogOption,string,UnityEngine.Object)
UnityEngine.DebugLogHandler:LogFormat (UnityEngine.LogType,UnityEngine.Object,string,object[]) (at C:/build/output/unity/unity/Runtime/Export/Logging/DebugLogHandler.cs:9)
UnityEngine.Logger:Log (UnityEngine.LogType,object) (at C:/build/output/unity/unity/Runtime/Export/Logging/Logger.cs:60)
UnityEngine.Debug:Log (object) (at C:/build/output/unity/unity/Runtime/Export/Debug/Debug.bindings.cs:130)
VuonNho.Views.QaChecklist:Check (string,bool,string) (at C:/Users/PC/Desktop/Game/VuonNho/Assets/Scripts/Views/QaChecklist.cs:2078)
VuonNho.Views.QaChecklist:CheckButtonReceivesClick (string,UnityEngine.RectTransform) (at C:/Users/PC/Desktop/Game/VuonNho/Assets/Scripts/Views/QaChecklist.cs:1522)
VuonNho.Views.QaChecklist/<RunUiChecks>d__34:MoveNext () (at C:/Users/PC/Desktop/Game/VuonNho/Assets/Scripts/Views/QaChecklist.cs:1379)
UnityEngine.SetupCoroutine:InvokeMoveNext (System.Collections.IEnumerator,intptr) (at C:/build/output/unity/unity/Runtime/Export/Scripting/Coroutines.cs:17)

(Filename: C:/build/output/unity/unity/Runtime/Export/Debug/Debug.bindings.cs Line: 130)

[QA] PASS Chữ không tràn khỏi ô chứa — HUD | 16 nhãn
UnityEngine.Debug:ExtractStackTraceNoAlloc (byte*,int,string)
UnityEngine.StackTraceUtility:ExtractStackTrace () (at C:/build/output/unity/unity/Runtime/Export/Scripting/StackTrace.cs:23)
UnityEngine.DebugLogHandler:Internal_Log (UnityEngine.LogType,UnityEngine.LogOption,string,UnityEngine.Object)
UnityEngine.DebugLogHandler:LogFormat (UnityEngine.LogType,UnityEngine.Object,string,object[]) (at C:/build/output/unity/unity/Runtime/Export/Logging/DebugLogHandler.cs:9)
UnityEngine.Logger:Log (UnityEngine.LogType,object) (at C:/build/output/unity/unity/Runtime/Export/Logging/Logger.cs:60)
UnityEngine.Debug:Log (object) (at C:/build/output/unity/unity/Runtime/Export/Debug/Debug.bindings.cs:130)
VuonNho.Views.QaChecklist:Check (string,bool,string) (at C:/Users/PC/Desktop/Game/VuonNho/Assets/Scripts/Views/QaChecklist.cs:2078)
VuonNho.Views.QaChecklist:CheckTextOverflow (string,UnityEngine.RectTransform) (at C:/Users/PC/Desktop/Game/VuonNho/Assets/Scripts/Views/QaChecklist.cs:1674)
VuonNho.Views.QaChecklist/<RunUiChecks>d__34:MoveNext () (at C:/Users/PC/Desktop/Game/VuonNho/Assets/Scripts/Views/QaChecklist.cs:1385)
UnityEngine.SetupCoroutine:InvokeMoveNext (System.Collections.IEnumerator,intptr) (at C:/build/output/unity/unity/Runtime/Export/Scripting/Coroutines.cs:17)

(Filename: C:/build/output/unity/unity/Runtime/Export/Debug/Debug.bindings.cs Line: 130)

[QA] PASS Mô phỏng bù 4 giờ dưới 250 ms | lần chậm nhất 6 ms trên 5 lần, vườn 12 ô
UnityEngine.Debug:ExtractStackTraceNoAlloc (byte*,int,string)
UnityEngine.StackTraceUtility:ExtractStackTrace () (at C:/build/output/unity/unity/Runtime/Export/Scripting/StackTrace.cs:23)
UnityEngine.DebugLogHandler:Internal_Log (UnityEngine.LogType,UnityEngine.LogOption,string,UnityEngine.Object)
UnityEngine.DebugLogHandler:LogFormat (UnityEngine.LogType,UnityEngine.Object,string,object[]) (at C:/build/output/unity/unity/Runtime/Export/Logging/DebugLogHandler.cs:9)
UnityEngine.Logger:Log (UnityEngine.LogType,object) (at C:/build/output/unity/unity/Runtime/Export/Logging/Logger.cs:60)
UnityEngine.Debug:Log (object) (at C:/build/output/unity/unity/Runtime/Export/Debug/Debug.bindings.cs:130)
VuonNho.Views.QaChecklist:Check (string,bool,string) (at C:/Users/PC/Desktop/Game/VuonNho/Assets/Scripts/Views/QaChecklist.cs:2078)
VuonNho.Views.QaChecklist/<RunOfflineAndPerf>d__62:MoveNext () (at C:/Users/PC/Desktop/Game/VuonNho/Assets/Scripts/Views/QaChecklist.cs:1987)
UnityEngine.SetupCoroutine:InvokeMoveNext (System.Collections.IEnumerator,intptr) (at C:/build/output/unity/unity/Runtime/Export/Scripting/Coroutines.cs:17)

(Filename: C:/build/output/unity/unity/Runtime/Export/Debug/Debug.bindings.cs Line: 130)

[QA] PASS 5 vòng thoát/quay lại không đóng băng khung hình | frame dài nhất 6 ms
UnityEngine.Debug:ExtractStackTraceNoAlloc (byte*,int,string)
UnityEngine.StackTraceUtility:ExtractStackTrace () (at C:/build/output/unity/unity/Runtime/Export/Scripting/StackTrace.cs:23)
UnityEngine.DebugLogHandler:Internal_Log (UnityEngine.LogType,UnityEngine.LogOption,string,UnityEngine.Object)
UnityEngine.DebugLogHandler:LogFormat (UnityEngine.LogType,UnityEngine.Object,string,object[]) (at C:/build/output/unity/unity/Runtime/Export/Logging/DebugLogHandler.cs:9)
UnityEngine.Logger:Log (UnityEngine.LogType,object) (at C:/build/output/unity/unity/Runtime/Export/Logging/Logger.cs:60)
UnityEngine.Debug:Log (object) (at C:/build/output/unity/unity/Runtime/Export/Debug/Debug.bindings.cs:130)
VuonNho.Views.QaChecklist:Check (string,bool,string) (at C:/Users/PC/Desktop/Game/VuonNho/Assets/Scripts/Views/QaChecklist.cs:2078)
VuonNho.Views.QaChecklist/<RunOfflineAndPerf>d__62:MoveNext () (at C:/Users/PC/Desktop/Game/VuonNho/Assets/Scripts/Views/QaChecklist.cs:1999)
UnityEngine.SetupCoroutine:InvokeMoveNext (System.Collections.IEnumerator,intptr) (at C:/build/output/unity/unity/Runtime/Export/Scripting/Coroutines.cs:17)

(Filename: C:/build/output/unity/unity/Runtime/Export/Debug/Debug.bindings.cs Line: 130)

[QA] PASS p95 frame time dưới 16,7 ms khi vườn đầy | trung bình 180 FPS, p95 5.6 ms, 720 khung hình
UnityEngine.Debug:ExtractStackTraceNoAlloc (byte*,int,string)
UnityEngine.StackTraceUtility:ExtractStackTrace () (at C:/build/output/unity/unity/Runtime/Export/Scripting/StackTrace.cs:23)
UnityEngine.DebugLogHandler:Internal_Log (UnityEngine.LogType,UnityEngine.LogOption,string,UnityEngine.Object)
UnityEngine.DebugLogHandler:LogFormat (UnityEngine.LogType,UnityEngine.Object,string,object[]) (at C:/build/output/unity/unity/Runtime/Export/Logging/DebugLogHandler.cs:9)
UnityEngine.Logger:Log (UnityEngine.LogType,object) (at C:/build/output/unity/unity/Runtime/Export/Logging/Logger.cs:60)
UnityEngine.Debug:Log (object) (at C:/build/output/unity/unity/Runtime/Export/Debug/Debug.bindings.cs:130)
VuonNho.Views.QaChecklist:Check (string,bool,string) (at C:/Users/PC/Desktop/Game/VuonNho/Assets/Scripts/Views/QaChecklist.cs:2078)
VuonNho.Views.QaChecklist/<RunOfflineAndPerf>d__62:MoveNext () (at C:/Users/PC/Desktop/Game/VuonNho/Assets/Scripts/Views/QaChecklist.cs:2022)
UnityEngine.SetupCoroutine:InvokeMoveNext (System.Collections.IEnumerator,intptr) (at C:/build/output/unity/unity/Runtime/Export/Scripting/Coroutines.cs:17)

(Filename: C:/build/output/unity/unity/Runtime/Export/Debug/Debug.bindings.cs Line: 130)

[QA] PASS Trung bình đạt 60 FPS | trung bình 180 FPS, p95 5.6 ms, 720 khung hình
UnityEngine.Debug:ExtractStackTraceNoAlloc (byte*,int,string)
UnityEngine.StackTraceUtility:ExtractStackTrace () (at C:/build/output/unity/unity/Runtime/Export/Scripting/StackTrace.cs:23)
UnityEngine.DebugLogHandler:Internal_Log (UnityEngine.LogType,UnityEngine.LogOption,string,UnityEngine.Object)
UnityEngine.DebugLogHandler:LogFormat (UnityEngine.LogType,UnityEngine.Object,string,object[]) (at C:/build/output/unity/unity/Runtime/Export/Logging/DebugLogHandler.cs:9)
UnityEngine.Logger:Log (UnityEngine.LogType,object) (at C:/build/output/unity/unity/Runtime/Export/Logging/Logger.cs:60)
UnityEngine.Debug:Log (object) (at C:/build/output/unity/unity/Runtime/Export/Debug/Debug.bindings.cs:130)
VuonNho.Views.QaChecklist:Check (string,bool,string) (at C:/Users/PC/Desktop/Game/VuonNho/Assets/Scripts/Views/QaChecklist.cs:2078)
VuonNho.Views.QaChecklist/<RunOfflineAndPerf>d__62:MoveNext () (at C:/Users/PC/Desktop/Game/VuonNho/Assets/Scripts/Views/QaChecklist.cs:2023)
UnityEngine.SetupCoroutine:InvokeMoveNext (System.Collections.IEnumerator,intptr) (at C:/build/output/unity/unity/Runtime/Export/Scripting/Coroutines.cs:17)

(Filename: C:/build/output/unity/unity/Runtime/Export/Debug/Debug.bindings.cs Line: 130)

[QA] PASS Bấm vào ô đất vẫn mở được bảng ô | ô 0
UnityEngine.Debug:ExtractStackTraceNoAlloc (byte*,int,string)
UnityEngine.StackTraceUtility:ExtractStackTrace () (at C:/build/output/unity/unity/Runtime/Export/Scripting/StackTrace.cs:23)
UnityEngine.DebugLogHandler:Internal_Log (UnityEngine.LogType,UnityEngine.LogOption,string,UnityEngine.Object)
UnityEngine.DebugLogHandler:LogFormat (UnityEngine.LogType,UnityEngine.Object,string,object[]) (at C:/build/output/unity/unity/Runtime/Export/Logging/DebugLogHandler.cs:9)
UnityEngine.Logger:Log (UnityEngine.LogType,object) (at C:/build/output/unity/unity/Runtime/Export/Logging/Logger.cs:60)
UnityEngine.Debug:Log (object) (at C:/build/output/unity/unity/Runtime/Export/Debug/Debug.bindings.cs:130)
VuonNho.Views.QaChecklist:Check (string,bool,string) (at C:/Users/PC/Desktop/Game/VuonNho/Assets/Scripts/Views/QaChecklist.cs:2078)
VuonNho.Views.QaChecklist/<CheckPlotClickStillLands>d__28:MoveNext () (at C:/Users/PC/Desktop/Game/VuonNho/Assets/Scripts/Views/QaChecklist.cs:1038)
UnityEngine.SetupCoroutine:InvokeMoveNext (System.Collections.IEnumerator,intptr) (at C:/build/output/unity/unity/Runtime/Export/Scripting/Coroutines.cs:17)

(Filename: C:/build/output/unity/unity/Runtime/Export/Debug/Debug.bindings.cs Line: 130)

[QA] PASS Lăn chuột tới thì nhìn gần lại | 6.60 → 4.50
UnityEngine.Debug:ExtractStackTraceNoAlloc (byte*,int,string)
UnityEngine.StackTraceUtility:ExtractStackTrace () (at C:/build/output/unity/unity/Runtime/Export/Scripting/StackTrace.cs:23)
UnityEngine.DebugLogHandler:Internal_Log (UnityEngine.LogType,UnityEngine.LogOption,string,UnityEngine.Object)
UnityEngine.DebugLogHandler:LogFormat (UnityEngine.LogType,UnityEngine.Object,string,object[]) (at C:/build/output/unity/unity/Runtime/Export/Logging/DebugLogHandler.cs:9)
UnityEngine.Logger:Log (UnityEngine.LogType,object) (at C:/build/output/unity/unity/Runtime/Export/Logging/Logger.cs:60)
UnityEngine.Debug:Log (object) (at C:/build/output/unity/unity/Runtime/Export/Debug/Debug.bindings.cs:130)
VuonNho.Views.QaChecklist:Check (string,bool,string) (at C:/Users/PC/Desktop/Game/VuonNho/Assets/Scripts/Views/QaChecklist.cs:2078)
VuonNho.Views.QaChecklist/<RunControlChecks>d__19:MoveNext () (at C:/Users/PC/Desktop/Game/VuonNho/Assets/Scripts/Views/QaChecklist.cs:596)
UnityEngine.SetupCoroutine:InvokeMoveNext (System.Collections.IEnumerator,intptr) (at C:/build/output/unity/unity/Runtime/Export/Scripting/Coroutines.cs:17)

(Filename: C:/build/output/unity/unity/Runtime/Export/Debug/Debug.bindings.cs Line: 130)

[QA] PASS Thu nhỏ hết cỡ vẫn nằm trong giới hạn | 15.73 (tối đa 15.73)
UnityEngine.Debug:ExtractStackTraceNoAlloc (byte*,int,string)
UnityEngine.StackTraceUtility:ExtractStackTrace () (at C:/build/output/unity/unity/Runtime/Export/Scripting/StackTrace.cs:23)
UnityEngine.DebugLogHandler:Internal_Log (UnityEngine.LogType,UnityEngine.LogOption,string,UnityEngine.Object)
UnityEngine.DebugLogHandler:LogFormat (UnityEngine.LogType,UnityEngine.Object,string,object[]) (at C:/build/output/unity/unity/Runtime/Export/Logging/DebugLogHandler.cs:9)
UnityEngine.Logger:Log (UnityEngine.LogType,object) (at C:/build/output/unity/unity/Runtime/Export/Logging/Logger.cs:60)
UnityEngine.Debug:Log (object) (at C:/build/output/unity/unity/Runtime/Export/Debug/Debug.bindings.cs:130)
VuonNho.Views.QaChecklist:Check (string,bool,string) (at C:/Users/PC/Desktop/Game/VuonNho/Assets/Scripts/Views/QaChecklist.cs:2078)
VuonNho.Views.QaChecklist/<RunControlChecks>d__19:MoveNext () (at C:/Users/PC/Desktop/Game/VuonNho/Assets/Scripts/Views/QaChecklist.cs:601)
UnityEngine.SetupCoroutine:InvokeMoveNext (System.Collections.IEnumerator,intptr) (at C:/build/output/unity/unity/Runtime/Export/Scripting/Coroutines.cs:17)

(Filename: C:/build/output/unity/unity/Runtime/Export/Debug/Debug.bindings.cs Line: 130)

[QA] PASS Phóng to hết cỡ vẫn nằm trong giới hạn | 3.20 (tối thiểu 3.20)
UnityEngine.Debug:ExtractStackTraceNoAlloc (byte*,int,string)
UnityEngine.StackTraceUtility:ExtractStackTrace () (at C:/build/output/unity/unity/Runtime/Export/Scripting/StackTrace.cs:23)
UnityEngine.DebugLogHandler:Internal_Log (UnityEngine.LogType,UnityEngine.LogOption,string,UnityEngine.Object)
UnityEngine.DebugLogHandler:LogFormat (UnityEngine.LogType,UnityEngine.Object,string,object[]) (at C:/build/output/unity/unity/Runtime/Export/Logging/DebugLogHandler.cs:9)
UnityEngine.Logger:Log (UnityEngine.LogType,object) (at C:/build/output/unity/unity/Runtime/Export/Logging/Logger.cs:60)
UnityEngine.Debug:Log (object) (at C:/build/output/unity/unity/Runtime/Export/Debug/Debug.bindings.cs:130)
VuonNho.Views.QaChecklist:Check (string,bool,string) (at C:/Users/PC/Desktop/Game/VuonNho/Assets/Scripts/Views/QaChecklist.cs:2078)
VuonNho.Views.QaChecklist/<RunControlChecks>d__19:MoveNext () (at C:/Users/PC/Desktop/Game/VuonNho/Assets/Scripts/Views/QaChecklist.cs:606)
UnityEngine.SetupCoroutine:InvokeMoveNext (System.Collections.IEnumerator,intptr) (at C:/build/output/unity/unity/Runtime/Export/Scripting/Coroutines.cs:17)

(Filename: C:/build/output/unity/unity/Runtime/Export/Debug/Debug.bindings.cs Line: 130)

[QA] PASS Zoom bám điểm dưới con trỏ | lệch 0.0 cm
UnityEngine.Debug:ExtractStackTraceNoAlloc (byte*,int,string)
UnityEngine.StackTraceUtility:ExtractStackTrace () (at C:/build/output/unity/unity/Runtime/Export/Scripting/StackTrace.cs:23)
UnityEngine.DebugLogHandler:Internal_Log (UnityEngine.LogType,UnityEngine.LogOption,string,UnityEngine.Object)
UnityEngine.DebugLogHandler:LogFormat (UnityEngine.LogType,UnityEngine.Object,string,object[]) (at C:/build/output/unity/unity/Runtime/Export/Logging/DebugLogHandler.cs:9)
UnityEngine.Logger:Log (UnityEngine.LogType,object) (at C:/build/output/unity/unity/Runtime/Export/Logging/Logger.cs:60)
UnityEngine.Debug:Log (object) (at C:/build/output/unity/unity/Runtime/Export/Debug/Debug.bindings.cs:130)
VuonNho.Views.QaChecklist:Check (string,bool,string) (at C:/Users/PC/Desktop/Game/VuonNho/Assets/Scripts/Views/QaChecklist.cs:2078)
VuonNho.Views.QaChecklist/<RunControlChecks>d__19:MoveNext () (at C:/Users/PC/Desktop/Game/VuonNho/Assets/Scripts/Views/QaChecklist.cs:620)
UnityEngine.SetupCoroutine:InvokeMoveNext (System.Collections.IEnumerator,intptr) (at C:/build/output/unity/unity/Runtime/Export/Scripting/Coroutines.cs:17)

(Filename: C:/build/output/unity/unity/Runtime/Export/Debug/Debug.bindings.cs Line: 130)

[QA] PASS Kéo màn hình không ra khỏi vườn | dừng ở (14.0, 14.0), giới hạn 14.0
UnityEngine.Debug:ExtractStackTraceNoAlloc (byte*,int,string)
UnityEngine.StackTraceUtility:ExtractStackTrace () (at C:/build/output/unity/unity/Runtime/Export/Scripting/StackTrace.cs:23)
UnityEngine.DebugLogHandler:Internal_Log (UnityEngine.LogType,UnityEngine.LogOption,string,UnityEngine.Object)
UnityEngine.DebugLogHandler:LogFormat (UnityEngine.LogType,UnityEngine.Object,string,object[]) (at C:/build/output/unity/unity/Runtime/Export/Logging/DebugLogHandler.cs:9)
UnityEngine.Logger:Log (UnityEngine.LogType,object) (at C:/build/output/unity/unity/Runtime/Export/Logging/Logger.cs:60)
UnityEngine.Debug:Log (object) (at C:/build/output/unity/unity/Runtime/Export/Debug/Debug.bindings.cs:130)
VuonNho.Views.QaChecklist:Check (string,bool,string) (at C:/Users/PC/Desktop/Game/VuonNho/Assets/Scripts/Views/QaChecklist.cs:2078)
VuonNho.Views.QaChecklist/<RunControlChecks>d__19:MoveNext () (at C:/Users/PC/Desktop/Game/VuonNho/Assets/Scripts/Views/QaChecklist.cs:628)
UnityEngine.SetupCoroutine:InvokeMoveNext (System.Collections.IEnumerator,intptr) (at C:/build/output/unity/unity/Runtime/Export/Scripting/Coroutines.cs:17)

(Filename: C:/build/output/unity/unity/Runtime/Export/Debug/Debug.bindings.cs Line: 130)

[QA] PASS Về lại góc nhìn ban đầu | 6.60
UnityEngine.Debug:ExtractStackTraceNoAlloc (byte*,int,string)
UnityEngine.StackTraceUtility:ExtractStackTrace () (at C:/build/output/unity/unity/Runtime/Export/Scripting/StackTrace.cs:23)
UnityEngine.DebugLogHandler:Internal_Log (UnityEngine.LogType,UnityEngine.LogOption,string,UnityEngine.Object)
UnityEngine.DebugLogHandler:LogFormat (UnityEngine.LogType,UnityEngine.Object,string,object[]) (at C:/build/output/unity/unity/Runtime/Export/Logging/DebugLogHandler.cs:9)
UnityEngine.Logger:Log (UnityEngine.LogType,object) (at C:/build/output/unity/unity/Runtime/Export/Logging/Logger.cs:60)
UnityEngine.Debug:Log (object) (at C:/build/output/unity/unity/Runtime/Export/Debug/Debug.bindings.cs:130)
VuonNho.Views.QaChecklist:Check (string,bool,string) (at C:/Users/PC/Desktop/Game/VuonNho/Assets/Scripts/Views/QaChecklist.cs:2078)
VuonNho.Views.QaChecklist/<RunControlChecks>d__19:MoveNext () (at C:/Users/PC/Desktop/Game/VuonNho/Assets/Scripts/Views/QaChecklist.cs:636)
UnityEngine.SetupCoroutine:InvokeMoveNext (System.Collections.IEnumerator,intptr) (at C:/build/output/unity/unity/Runtime/Export/Scripting/Coroutines.cs:17)

(Filename: C:/build/output/unity/unity/Runtime/Export/Debug/Debug.bindings.cs Line: 130)

[QA] PASS Nhân vật có hai chân để bước
UnityEngine.Debug:ExtractStackTraceNoAlloc (byte*,int,string)
UnityEngine.StackTraceUtility:ExtractStackTrace () (at C:/build/output/unity/unity/Runtime/Export/Scripting/StackTrace.cs:23)
UnityEngine.DebugLogHandler:Internal_Log (UnityEngine.LogType,UnityEngine.LogOption,string,UnityEngine.Object)
UnityEngine.DebugLogHandler:LogFormat (UnityEngine.LogType,UnityEngine.Object,string,object[]) (at C:/build/output/unity/unity/Runtime/Export/Logging/DebugLogHandler.cs:9)
UnityEngine.Logger:Log (UnityEngine.LogType,object) (at C:/build/output/unity/unity/Runtime/Export/Logging/Logger.cs:60)
UnityEngine.Debug:Log (object) (at C:/build/output/unity/unity/Runtime/Export/Debug/Debug.bindings.cs:130)
VuonNho.Views.QaChecklist:Check (string,bool,string) (at C:/Users/PC/Desktop/Game/VuonNho/Assets/Scripts/Views/QaChecklist.cs:2078)
VuonNho.Views.QaChecklist/<RunControlChecks>d__19:MoveNext () (at C:/Users/PC/Desktop/Game/VuonNho/Assets/Scripts/Views/QaChecklist.cs:648)
UnityEngine.SetupCoroutine:InvokeMoveNext (System.Collections.IEnumerator,intptr) (at C:/build/output/unity/unity/Runtime/Export/Scripting/Coroutines.cs:17)

(Filename: C:/build/output/unity/unity/Runtime/Export/Debug/Debug.bindings.cs Line: 130)

[QA] PASS Chuột phải xuống đất thành lệnh đi
UnityEngine.Debug:ExtractStackTraceNoAlloc (byte*,int,string)
UnityEngine.StackTraceUtility:ExtractStackTrace () (at C:/build/output/unity/unity/Runtime/Export/Scripting/StackTrace.cs:23)
UnityEngine.DebugLogHandler:Internal_Log (UnityEngine.LogType,UnityEngine.LogOption,string,UnityEngine.Object)
UnityEngine.DebugLogHandler:LogFormat (UnityEngine.LogType,UnityEngine.Object,string,object[]) (at C:/build/output/unity/unity/Runtime/Export/Logging/DebugLogHandler.cs:9)
UnityEngine.Logger:Log (UnityEngine.LogType,object) (at C:/build/output/unity/unity/Runtime/Export/Logging/Logger.cs:60)
UnityEngine.Debug:Log (object) (at C:/build/output/unity/unity/Runtime/Export/Debug/Debug.bindings.cs:130)
VuonNho.Views.QaChecklist:Check (string,bool,string) (at C:/Users/PC/Desktop/Game/VuonNho/Assets/Scripts/Views/QaChecklist.cs:2078)
VuonNho.Views.QaChecklist/<RunControlChecks>d__19:MoveNext () (at C:/Users/PC/Desktop/Game/VuonNho/Assets/Scripts/Views/QaChecklist.cs:665)
UnityEngine.SetupCoroutine:InvokeMoveNext (System.Collections.IEnumerator,intptr) (at C:/build/output/unity/unity/Runtime/Export/Scripting/Coroutines.cs:17)

(Filename: C:/build/output/unity/unity/Runtime/Export/Debug/Debug.bindings.cs Line: 130)

[QA] PASS Chỗ vừa bấm có vòng tròn báo lại
UnityEngine.Debug:ExtractStackTraceNoAlloc (byte*,int,string)
UnityEngine.StackTraceUtility:ExtractStackTrace () (at C:/build/output/unity/unity/Runtime/Export/Scripting/StackTrace.cs:23)
UnityEngine.DebugLogHandler:Internal_Log (UnityEngine.LogType,UnityEngine.LogOption,string,UnityEngine.Object)
UnityEngine.DebugLogHandler:LogFormat (UnityEngine.LogType,UnityEngine.Object,string,object[]) (at C:/build/output/unity/unity/Runtime/Export/Logging/DebugLogHandler.cs:9)
UnityEngine.Logger:Log (UnityEngine.LogType,object) (at C:/build/output/unity/unity/Runtime/Export/Logging/Logger.cs:60)
UnityEngine.Debug:Log (object) (at C:/build/output/unity/unity/Runtime/Export/Debug/Debug.bindings.cs:130)
VuonNho.Views.QaChecklist:Check (string,bool,string) (at C:/Users/PC/Desktop/Game/VuonNho/Assets/Scripts/Views/QaChecklist.cs:2078)
VuonNho.Views.QaChecklist/<RunControlChecks>d__19:MoveNext () (at C:/Users/PC/Desktop/Game/VuonNho/Assets/Scripts/Views/QaChecklist.cs:673)
UnityEngine.SetupCoroutine:InvokeMoveNext (System.Collections.IEnumerator,intptr) (at C:/build/output/unity/unity/Runtime/Export/Scripting/Coroutines.cs:17)

(Filename: C:/build/output/unity/unity/Runtime/Export/Debug/Debug.bindings.cs Line: 130)

[QA] PASS Vòng tròn tự tắt chứ không nằm lại | sau 0.50 s
UnityEngine.Debug:ExtractStackTraceNoAlloc (byte*,int,string)
UnityEngine.StackTraceUtility:ExtractStackTrace () (at C:/build/output/unity/unity/Runtime/Export/Scripting/StackTrace.cs:23)
UnityEngine.DebugLogHandler:Internal_Log (UnityEngine.LogType,UnityEngine.LogOption,string,UnityEngine.Object)
UnityEngine.DebugLogHandler:LogFormat (UnityEngine.LogType,UnityEngine.Object,string,object[]) (at C:/build/output/unity/unity/Runtime/Export/Logging/DebugLogHandler.cs:9)
UnityEngine.Logger:Log (UnityEngine.LogType,object) (at C:/build/output/unity/unity/Runtime/Export/Logging/Logger.cs:60)
UnityEngine.Debug:Log (object) (at C:/build/output/unity/unity/Runtime/Export/Debug/Debug.bindings.cs:130)
VuonNho.Views.QaChecklist:Check (string,bool,string) (at C:/Users/PC/Desktop/Game/VuonNho/Assets/Scripts/Views/QaChecklist.cs:2078)
VuonNho.Views.QaChecklist/<RunControlChecks>d__19:MoveNext () (at C:/Users/PC/Desktop/Game/VuonNho/Assets/Scripts/Views/QaChecklist.cs:681)
UnityEngine.SetupCoroutine:InvokeMoveNext (System.Collections.IEnumerator,intptr) (at C:/build/output/unity/unity/Runtime/Export/Scripting/Coroutines.cs:17)

(Filename: C:/build/output/unity/unity/Runtime/Export/Debug/Debug.bindings.cs Line: 130)

[QA] PASS Nhận lệnh đi tới điểm được chỉ | đích (-0.8, -1.4)
UnityEngine.Debug:ExtractStackTraceNoAlloc (byte*,int,string)
UnityEngine.StackTraceUtility:ExtractStackTrace () (at C:/build/output/unity/unity/Runtime/Export/Scripting/StackTrace.cs:23)
UnityEngine.DebugLogHandler:Internal_Log (UnityEngine.LogType,UnityEngine.LogOption,string,UnityEngine.Object)
UnityEngine.DebugLogHandler:LogFormat (UnityEngine.LogType,UnityEngine.Object,string,object[]) (at C:/build/output/unity/unity/Runtime/Export/Logging/DebugLogHandler.cs:9)
UnityEngine.Logger:Log (UnityEngine.LogType,object) (at C:/build/output/unity/unity/Runtime/Export/Logging/Logger.cs:60)
UnityEngine.Debug:Log (object) (at C:/build/output/unity/unity/Runtime/Export/Debug/Debug.bindings.cs:130)
VuonNho.Views.QaChecklist:Check (string,bool,string) (at C:/Users/PC/Desktop/Game/VuonNho/Assets/Scripts/Views/QaChecklist.cs:2078)
VuonNho.Views.QaChecklist/<RunControlChecks>d__19:MoveNext () (at C:/Users/PC/Desktop/Game/VuonNho/Assets/Scripts/Views/QaChecklist.cs:715)
UnityEngine.SetupCoroutine:InvokeMoveNext (System.Collections.IEnumerator,intptr) (at C:/build/output/unity/unity/Runtime/Export/Scripting/Coroutines.cs:17)

(Filename: C:/build/output/unity/unity/Runtime/Export/Debug/Debug.bindings.cs Line: 130)

[QA] PASS Đi tới nơi rồi dừng | cách đích 6 cm
UnityEngine.Debug:ExtractStackTraceNoAlloc (byte*,int,string)
UnityEngine.StackTraceUtility:ExtractStackTrace () (at C:/build/output/unity/unity/Runtime/Export/Scripting/StackTrace.cs:23)
UnityEngine.DebugLogHandler:Internal_Log (UnityEngine.LogType,UnityEngine.LogOption,string,UnityEngine.Object)
UnityEngine.DebugLogHandler:LogFormat (UnityEngine.LogType,UnityEngine.Object,string,object[]) (at C:/build/output/unity/unity/Runtime/Export/Logging/DebugLogHandler.cs:9)
UnityEngine.Logger:Log (UnityEngine.LogType,object) (at C:/build/output/unity/unity/Runtime/Export/Logging/Logger.cs:60)
UnityEngine.Debug:Log (object) (at C:/build/output/unity/unity/Runtime/Export/Debug/Debug.bindings.cs:130)
VuonNho.Views.QaChecklist:Check (string,bool,string) (at C:/Users/PC/Desktop/Game/VuonNho/Assets/Scripts/Views/QaChecklist.cs:2078)
VuonNho.Views.QaChecklist/<RunControlChecks>d__19:MoveNext () (at C:/Users/PC/Desktop/Game/VuonNho/Assets/Scripts/Views/QaChecklist.cs:717)
UnityEngine.SetupCoroutine:InvokeMoveNext (System.Collections.IEnumerator,intptr) (at C:/build/output/unity/unity/Runtime/Export/Scripting/Coroutines.cs:17)

(Filename: C:/build/output/unity/unity/Runtime/Export/Debug/Debug.bindings.cs Line: 130)

[QA] PASS Không đi xuyên qua đồ đã đặt | dừng cách tâm ghế 66 cm
UnityEngine.Debug:ExtractStackTraceNoAlloc (byte*,int,string)
UnityEngine.StackTraceUtility:ExtractStackTrace () (at C:/build/output/unity/unity/Runtime/Export/Scripting/StackTrace.cs:23)
UnityEngine.DebugLogHandler:Internal_Log (UnityEngine.LogType,UnityEngine.LogOption,string,UnityEngine.Object)
UnityEngine.DebugLogHandler:LogFormat (UnityEngine.LogType,UnityEngine.Object,string,object[]) (at C:/build/output/unity/unity/Runtime/Export/Logging/DebugLogHandler.cs:9)
UnityEngine.Logger:Log (UnityEngine.LogType,object) (at C:/build/output/unity/unity/Runtime/Export/Logging/Logger.cs:60)
UnityEngine.Debug:Log (object) (at C:/build/output/unity/unity/Runtime/Export/Debug/Debug.bindings.cs:130)
VuonNho.Views.QaChecklist:Check (string,bool,string) (at C:/Users/PC/Desktop/Game/VuonNho/Assets/Scripts/Views/QaChecklist.cs:2078)
VuonNho.Views.QaChecklist/<CheckSolidDecorations>d__21:MoveNext () (at C:/Users/PC/Desktop/Game/VuonNho/Assets/Scripts/Views/QaChecklist.cs:824)
UnityEngine.SetupCoroutine:InvokeMoveNext (System.Collections.IEnumerator,intptr) (at C:/build/output/unity/unity/Runtime/Export/Scripting/Coroutines.cs:17)

(Filename: C:/build/output/unity/unity/Runtime/Export/Debug/Debug.bindings.cs Line: 130)

[QA] PASS Lối đi lát đá vẫn bước lên được | dừng cách tâm phiến đá 5 cm
UnityEngine.Debug:ExtractStackTraceNoAlloc (byte*,int,string)
UnityEngine.StackTraceUtility:ExtractStackTrace () (at C:/build/output/unity/unity/Runtime/Export/Scripting/StackTrace.cs:23)
UnityEngine.DebugLogHandler:Internal_Log (UnityEngine.LogType,UnityEngine.LogOption,string,UnityEngine.Object)
UnityEngine.DebugLogHandler:LogFormat (UnityEngine.LogType,UnityEngine.Object,string,object[]) (at C:/build/output/unity/unity/Runtime/Export/Logging/DebugLogHandler.cs:9)
UnityEngine.Logger:Log (UnityEngine.LogType,object) (at C:/build/output/unity/unity/Runtime/Export/Logging/Logger.cs:60)
UnityEngine.Debug:Log (object) (at C:/build/output/unity/unity/Runtime/Export/Debug/Debug.bindings.cs:130)
VuonNho.Views.QaChecklist:Check (string,bool,string) (at C:/Users/PC/Desktop/Game/VuonNho/Assets/Scripts/Views/QaChecklist.cs:2078)
VuonNho.Views.QaChecklist/<CheckSolidDecorations>d__21:MoveNext () (at C:/Users/PC/Desktop/Game/VuonNho/Assets/Scripts/Views/QaChecklist.cs:842)
UnityEngine.SetupCoroutine:InvokeMoveNext (System.Collections.IEnumerator,intptr) (at C:/build/output/unity/unity/Runtime/Export/Scripting/Coroutines.cs:17)

(Filename: C:/build/output/unity/unity/Runtime/Export/Debug/Debug.bindings.cs Line: 130)

[QA] PASS Không đi xuyên qua quầy trà | dừng cách tâm quầy 111 cm
UnityEngine.Debug:ExtractStackTraceNoAlloc (byte*,int,string)
UnityEngine.StackTraceUtility:ExtractStackTrace () (at C:/build/output/unity/unity/Runtime/Export/Scripting/StackTrace.cs:23)
UnityEngine.DebugLogHandler:Internal_Log (UnityEngine.LogType,UnityEngine.LogOption,string,UnityEngine.Object)
UnityEngine.DebugLogHandler:LogFormat (UnityEngine.LogType,UnityEngine.Object,string,object[]) (at C:/build/output/unity/unity/Runtime/Export/Logging/DebugLogHandler.cs:9)
UnityEngine.Logger:Log (UnityEngine.LogType,object) (at C:/build/output/unity/unity/Runtime/Export/Logging/Logger.cs:60)
UnityEngine.Debug:Log (object) (at C:/build/output/unity/unity/Runtime/Export/Debug/Debug.bindings.cs:130)
VuonNho.Views.QaChecklist:Check (string,bool,string) (at C:/Users/PC/Desktop/Game/VuonNho/Assets/Scripts/Views/QaChecklist.cs:2078)
VuonNho.Views.QaChecklist/<CheckSolidScenery>d__22:MoveNext () (at C:/Users/PC/Desktop/Game/VuonNho/Assets/Scripts/Views/QaChecklist.cs:867)
UnityEngine.SetupCoroutine:InvokeMoveNext (System.Collections.IEnumerator,intptr) (at C:/build/output/unity/unity/Runtime/Export/Scripting/Coroutines.cs:17)

(Filename: C:/build/output/unity/unity/Runtime/Export/Debug/Debug.bindings.cs Line: 130)

[QA] PASS Chọn món thì hiện bóng ma xem trước | món deco_bench, góc 0
UnityEngine.Debug:ExtractStackTraceNoAlloc (byte*,int,string)
UnityEngine.StackTraceUtility:ExtractStackTrace () (at C:/build/output/unity/unity/Runtime/Export/Scripting/StackTrace.cs:23)
UnityEngine.DebugLogHandler:Internal_Log (UnityEngine.LogType,UnityEngine.LogOption,string,UnityEngine.Object)
UnityEngine.DebugLogHandler:LogFormat (UnityEngine.LogType,UnityEngine.Object,string,object[]) (at C:/build/output/unity/unity/Runtime/Export/Logging/DebugLogHandler.cs:9)
UnityEngine.Logger:Log (UnityEngine.LogType,object) (at C:/build/output/unity/unity/Runtime/Export/Logging/Logger.cs:60)
UnityEngine.Debug:Log (object) (at C:/build/output/unity/unity/Runtime/Export/Debug/Debug.bindings.cs:130)
VuonNho.Views.QaChecklist:Check (string,bool,string) (at C:/Users/PC/Desktop/Game/VuonNho/Assets/Scripts/Views/QaChecklist.cs:2078)
VuonNho.Views.QaChecklist/<CheckPlacementPreview>d__23:MoveNext () (at C:/Users/PC/Desktop/Game/VuonNho/Assets/Scripts/Views/QaChecklist.cs:901)
UnityEngine.SetupCoroutine:InvokeMoveNext (System.Collections.IEnumerator,intptr) (at C:/build/output/unity/unity/Runtime/Export/Scripting/Coroutines.cs:17)

(Filename: C:/build/output/unity/unity/Runtime/Export/Debug/Debug.bindings.cs Line: 130)

[QA] PASS Bóng ma dựng được model của món đang cầm
UnityEngine.Debug:ExtractStackTraceNoAlloc (byte*,int,string)
UnityEngine.StackTraceUtility:ExtractStackTrace () (at C:/build/output/unity/unity/Runtime/Export/Scripting/StackTrace.cs:23)
UnityEngine.DebugLogHandler:Internal_Log (UnityEngine.LogType,UnityEngine.LogOption,string,UnityEngine.Object)
UnityEngine.DebugLogHandler:LogFormat (UnityEngine.LogType,UnityEngine.Object,string,object[]) (at C:/build/output/unity/unity/Runtime/Export/Logging/DebugLogHandler.cs:9)
UnityEngine.Logger:Log (UnityEngine.LogType,object) (at C:/build/output/unity/unity/Runtime/Export/Logging/Logger.cs:60)
UnityEngine.Debug:Log (object) (at C:/build/output/unity/unity/Runtime/Export/Debug/Debug.bindings.cs:130)
VuonNho.Views.QaChecklist:Check (string,bool,string) (at C:/Users/PC/Desktop/Game/VuonNho/Assets/Scripts/Views/QaChecklist.cs:2078)
VuonNho.Views.QaChecklist/<CheckPlacementPreview>d__23:MoveNext () (at C:/Users/PC/Desktop/Game/VuonNho/Assets/Scripts/Views/QaChecklist.cs:920)
UnityEngine.SetupCoroutine:InvokeMoveNext (System.Collections.IEnumerator,intptr) (at C:/build/output/unity/unity/Runtime/Export/Scripting/Coroutines.cs:17)

(Filename: C:/build/output/unity/unity/Runtime/Export/Debug/Debug.bindings.cs Line: 130)

[QA] PASS R xoay 180° và kéo chuột phải xoay tiếp | sau R rồi kéo 45°: 225°
UnityEngine.Debug:ExtractStackTraceNoAlloc (byte*,int,string)
UnityEngine.StackTraceUtility:ExtractStackTrace () (at C:/build/output/unity/unity/Runtime/Export/Scripting/StackTrace.cs:23)
UnityEngine.DebugLogHandler:Internal_Log (UnityEngine.LogType,UnityEngine.LogOption,string,UnityEngine.Object)
UnityEngine.DebugLogHandler:LogFormat (UnityEngine.LogType,UnityEngine.Object,string,object[]) (at C:/build/output/unity/unity/Runtime/Export/Logging/DebugLogHandler.cs:9)
UnityEngine.Logger:Log (UnityEngine.LogType,object) (at C:/build/output/unity/unity/Runtime/Export/Logging/Logger.cs:60)
UnityEngine.Debug:Log (object) (at C:/build/output/unity/unity/Runtime/Export/Debug/Debug.bindings.cs:130)
VuonNho.Views.QaChecklist:Check (string,bool,string) (at C:/Users/PC/Desktop/Game/VuonNho/Assets/Scripts/Views/QaChecklist.cs:2078)
VuonNho.Views.QaChecklist/<CheckPlacementPreview>d__23:MoveNext () (at C:/Users/PC/Desktop/Game/VuonNho/Assets/Scripts/Views/QaChecklist.cs:927)
UnityEngine.SetupCoroutine:InvokeMoveNext (System.Collections.IEnumerator,intptr) (at C:/build/output/unity/unity/Runtime/Export/Scripting/Coroutines.cs:17)

(Filename: C:/build/output/unity/unity/Runtime/Export/Debug/Debug.bindings.cs Line: 130)

[QA] PASS Món đặt xuống giữ đúng góc đã xoay | góc 225°
UnityEngine.Debug:ExtractStackTraceNoAlloc (byte*,int,string)
UnityEngine.StackTraceUtility:ExtractStackTrace () (at C:/build/output/unity/unity/Runtime/Export/Scripting/StackTrace.cs:23)
UnityEngine.DebugLogHandler:Internal_Log (UnityEngine.LogType,UnityEngine.LogOption,string,UnityEngine.Object)
UnityEngine.DebugLogHandler:LogFormat (UnityEngine.LogType,UnityEngine.Object,string,object[]) (at C:/build/output/unity/unity/Runtime/Export/Logging/DebugLogHandler.cs:9)
UnityEngine.Logger:Log (UnityEngine.LogType,object) (at C:/build/output/unity/unity/Runtime/Export/Logging/Logger.cs:60)
UnityEngine.Debug:Log (object) (at C:/build/output/unity/unity/Runtime/Export/Debug/Debug.bindings.cs:130)
VuonNho.Views.QaChecklist:Check (string,bool,string) (at C:/Users/PC/Desktop/Game/VuonNho/Assets/Scripts/Views/QaChecklist.cs:2078)
VuonNho.Views.QaChecklist/<CheckPlacementPreview>d__23:MoveNext () (at C:/Users/PC/Desktop/Game/VuonNho/Assets/Scripts/Views/QaChecklist.cs:940)
UnityEngine.SetupCoroutine:InvokeMoveNext (System.Collections.IEnumerator,intptr) (at C:/build/output/unity/unity/Runtime/Export/Scripting/Coroutines.cs:17)

(Filename: C:/build/output/unity/unity/Runtime/Export/Debug/Debug.bindings.cs Line: 130)

[QA] PASS Thoát chế độ thì bóng ma biến mất
UnityEngine.Debug:ExtractStackTraceNoAlloc (byte*,int,string)
UnityEngine.StackTraceUtility:ExtractStackTrace () (at C:/build/output/unity/unity/Runtime/Export/Scripting/StackTrace.cs:23)
UnityEngine.DebugLogHandler:Internal_Log (UnityEngine.LogType,UnityEngine.LogOption,string,UnityEngine.Object)
UnityEngine.DebugLogHandler:LogFormat (UnityEngine.LogType,UnityEngine.Object,string,object[]) (at C:/build/output/unity/unity/Runtime/Export/Logging/DebugLogHandler.cs:9)
UnityEngine.Logger:Log (UnityEngine.LogType,object) (at C:/build/output/unity/unity/Runtime/Export/Logging/Logger.cs:60)
UnityEngine.Debug:Log (object) (at C:/build/output/unity/unity/Runtime/Export/Debug/Debug.bindings.cs:130)
VuonNho.Views.QaChecklist:Check (string,bool,string) (at C:/Users/PC/Desktop/Game/VuonNho/Assets/Scripts/Views/QaChecklist.cs:2078)
VuonNho.Views.QaChecklist/<CheckPlacementPreview>d__23:MoveNext () (at C:/Users/PC/Desktop/Game/VuonNho/Assets/Scripts/Views/QaChecklist.cs:946)
UnityEngine.SetupCoroutine:InvokeMoveNext (System.Collections.IEnumerator,intptr) (at C:/build/output/unity/unity/Runtime/Export/Scripting/Coroutines.cs:17)

(Filename: C:/build/output/unity/unity/Runtime/Export/Debug/Debug.bindings.cs Line: 130)

[QA] PASS Túi đồ có một ô cho mỗi mặt hàng | 70 ô / 70 mặt hàng
UnityEngine.Debug:ExtractStackTraceNoAlloc (byte*,int,string)
UnityEngine.StackTraceUtility:ExtractStackTrace () (at C:/build/output/unity/unity/Runtime/Export/Scripting/StackTrace.cs:23)
UnityEngine.DebugLogHandler:Internal_Log (UnityEngine.LogType,UnityEngine.LogOption,string,UnityEngine.Object)
UnityEngine.DebugLogHandler:LogFormat (UnityEngine.LogType,UnityEngine.Object,string,object[]) (at C:/build/output/unity/unity/Runtime/Export/Logging/DebugLogHandler.cs:9)
UnityEngine.Logger:Log (UnityEngine.LogType,object) (at C:/build/output/unity/unity/Runtime/Export/Logging/Logger.cs:60)
UnityEngine.Debug:Log (object) (at C:/build/output/unity/unity/Runtime/Export/Debug/Debug.bindings.cs:130)
VuonNho.Views.QaChecklist:Check (string,bool,string) (at C:/Users/PC/Desktop/Game/VuonNho/Assets/Scripts/Views/QaChecklist.cs:2078)
VuonNho.Views.QaChecklist/<CheckInventoryGrid>d__20:MoveNext () (at C:/Users/PC/Desktop/Game/VuonNho/Assets/Scripts/Views/QaChecklist.cs:764)
UnityEngine.SetupCoroutine:InvokeMoveNext (System.Collections.IEnumerator,intptr) (at C:/build/output/unity/unity/Runtime/Export/Scripting/Coroutines.cs:17)

(Filename: C:/build/output/unity/unity/Runtime/Export/Debug/Debug.bindings.cs Line: 130)

[QA] PASS Ô chi tiết nằm dưới đáy và không trống | Bạc hà tươi: 9
UnityEngine.Debug:ExtractStackTraceNoAlloc (byte*,int,string)
UnityEngine.StackTraceUtility:ExtractStackTrace () (at C:/build/output/unity/unity/Runtime/Export/Scripting/StackTrace.cs:23)
UnityEngine.DebugLogHandler:Internal_Log (UnityEngine.LogType,UnityEngine.LogOption,string,UnityEngine.Object)
UnityEngine.DebugLogHandler:LogFormat (UnityEngine.LogType,UnityEngine.Object,string,object[]) (at C:/build/output/unity/unity/Runtime/Export/Logging/DebugLogHandler.cs:9)
UnityEngine.Logger:Log (UnityEngine.LogType,object) (at C:/build/output/unity/unity/Runtime/Export/Logging/Logger.cs:60)
UnityEngine.Debug:Log (object) (at C:/build/output/unity/unity/Runtime/Export/Debug/Debug.bindings.cs:130)
VuonNho.Views.QaChecklist:Check (string,bool,string) (at C:/Users/PC/Desktop/Game/VuonNho/Assets/Scripts/Views/QaChecklist.cs:2078)
VuonNho.Views.QaChecklist/<CheckInventoryGrid>d__20:MoveNext () (at C:/Users/PC/Desktop/Game/VuonNho/Assets/Scripts/Views/QaChecklist.cs:770)
UnityEngine.SetupCoroutine:InvokeMoveNext (System.Collections.IEnumerator,intptr) (at C:/build/output/unity/unity/Runtime/Export/Scripting/Coroutines.cs:17)

(Filename: C:/build/output/unity/unity/Runtime/Export/Debug/Debug.bindings.cs Line: 130)

[QA] PASS Bấm ra ngoài vườn thì dừng ở mép | đích (14.5, -14.5), giới hạn 14.5
UnityEngine.Debug:ExtractStackTraceNoAlloc (byte*,int,string)
UnityEngine.StackTraceUtility:ExtractStackTrace () (at C:/build/output/unity/unity/Runtime/Export/Scripting/StackTrace.cs:23)
UnityEngine.DebugLogHandler:Internal_Log (UnityEngine.LogType,UnityEngine.LogOption,string,UnityEngine.Object)
UnityEngine.DebugLogHandler:LogFormat (UnityEngine.LogType,UnityEngine.Object,string,object[]) (at C:/build/output/unity/unity/Runtime/Export/Logging/DebugLogHandler.cs:9)
UnityEngine.Logger:Log (UnityEngine.LogType,object) (at C:/build/output/unity/unity/Runtime/Export/Logging/Logger.cs:60)
UnityEngine.Debug:Log (object) (at C:/build/output/unity/unity/Runtime/Export/Debug/Debug.bindings.cs:130)
VuonNho.Views.QaChecklist:Check (string,bool,string) (at C:/Users/PC/Desktop/Game/VuonNho/Assets/Scripts/Views/QaChecklist.cs:2078)
VuonNho.Views.QaChecklist/<RunControlChecks>d__19:MoveNext () (at C:/Users/PC/Desktop/Game/VuonNho/Assets/Scripts/Views/QaChecklist.cs:731)
UnityEngine.SetupCoroutine:InvokeMoveNext (System.Collections.IEnumerator,intptr) (at C:/build/output/unity/unity/Runtime/Export/Scripting/Coroutines.cs:17)

(Filename: C:/build/output/unity/unity/Runtime/Export/Debug/Debug.bindings.cs Line: 130)

[QA] PASS Có đủ sáu công đoạn giữa thu hoạch và quầy trà | 6 công đoạn
UnityEngine.Debug:ExtractStackTraceNoAlloc (byte*,int,string)
UnityEngine.StackTraceUtility:ExtractStackTrace () (at C:/build/output/unity/unity/Runtime/Export/Scripting/StackTrace.cs:23)
UnityEngine.DebugLogHandler:Internal_Log (UnityEngine.LogType,UnityEngine.LogOption,string,UnityEngine.Object)
UnityEngine.DebugLogHandler:LogFormat (UnityEngine.LogType,UnityEngine.Object,string,object[]) (at C:/build/output/unity/unity/Runtime/Export/Logging/DebugLogHandler.cs:9)
UnityEngine.Logger:Log (UnityEngine.LogType,object) (at C:/build/output/unity/unity/Runtime/Export/Logging/Logger.cs:60)
UnityEngine.Debug:Log (object) (at C:/build/output/unity/unity/Runtime/Export/Debug/Debug.bindings.cs:130)
VuonNho.Views.QaChecklist:Check (string,bool,string) (at C:/Users/PC/Desktop/Game/VuonNho/Assets/Scripts/Views/QaChecklist.cs:2078)
VuonNho.Views.QaChecklist/<RunProcessingChecks>d__12:MoveNext () (at C:/Users/PC/Desktop/Game/VuonNho/Assets/Scripts/Views/QaChecklist.cs:118)
UnityEngine.SetupCoroutine:InvokeMoveNext (System.Collections.IEnumerator,intptr) (at C:/build/output/unity/unity/Runtime/Export/Scripting/Coroutines.cs:17)

(Filename: C:/build/output/unity/unity/Runtime/Export/Debug/Debug.bindings.cs Line: 130)

[QA] PASS Gom đủ xu để xây cả dây chuyền | 12859 / 12780 xu
UnityEngine.Debug:ExtractStackTraceNoAlloc (byte*,int,string)
UnityEngine.StackTraceUtility:ExtractStackTrace () (at C:/build/output/unity/unity/Runtime/Export/Scripting/StackTrace.cs:23)
UnityEngine.DebugLogHandler:Internal_Log (UnityEngine.LogType,UnityEngine.LogOption,string,UnityEngine.Object)
UnityEngine.DebugLogHandler:LogFormat (UnityEngine.LogType,UnityEngine.Object,string,object[]) (at C:/build/output/unity/unity/Runtime/Export/Logging/DebugLogHandler.cs:9)
UnityEngine.Logger:Log (UnityEngine.LogType,object) (at C:/build/output/unity/unity/Runtime/Export/Logging/Logger.cs:60)
UnityEngine.Debug:Log (object) (at C:/build/output/unity/unity/Runtime/Export/Debug/Debug.bindings.cs:130)
VuonNho.Views.QaChecklist:Check (string,bool,string) (at C:/Users/PC/Desktop/Game/VuonNho/Assets/Scripts/Views/QaChecklist.cs:2078)
VuonNho.Views.QaChecklist/<RunProcessingChecks>d__12:MoveNext () (at C:/Users/PC/Desktop/Game/VuonNho/Assets/Scripts/Views/QaChecklist.cs:131)
UnityEngine.SetupCoroutine:InvokeMoveNext (System.Collections.IEnumerator,intptr) (at C:/build/output/unity/unity/Runtime/Export/Scripting/Coroutines.cs:17)

(Filename: C:/build/output/unity/unity/Runtime/Export/Debug/Debug.bindings.cs Line: 130)

[QA] PASS Mua được cả sáu máy | 6 máy
UnityEngine.Debug:ExtractStackTraceNoAlloc (byte*,int,string)
UnityEngine.StackTraceUtility:ExtractStackTrace () (at C:/build/output/unity/unity/Runtime/Export/Scripting/StackTrace.cs:23)
UnityEngine.DebugLogHandler:Internal_Log (UnityEngine.LogType,UnityEngine.LogOption,string,UnityEngine.Object)
UnityEngine.DebugLogHandler:LogFormat (UnityEngine.LogType,UnityEngine.Object,string,object[]) (at C:/build/output/unity/unity/Runtime/Export/Logging/DebugLogHandler.cs:9)
UnityEngine.Logger:Log (UnityEngine.LogType,object) (at C:/build/output/unity/unity/Runtime/Export/Logging/Logger.cs:60)
UnityEngine.Debug:Log (object) (at C:/build/output/unity/unity/Runtime/Export/Debug/Debug.bindings.cs:130)
VuonNho.Views.QaChecklist:Check (string,bool,string) (at C:/Users/PC/Desktop/Game/VuonNho/Assets/Scripts/Views/QaChecklist.cs:2078)
VuonNho.Views.QaChecklist/<RunProcessingChecks>d__12:MoveNext () (at C:/Users/PC/Desktop/Game/VuonNho/Assets/Scripts/Views/QaChecklist.cs:141)
UnityEngine.SetupCoroutine:InvokeMoveNext (System.Collections.IEnumerator,intptr) (at C:/build/output/unity/unity/Runtime/Export/Scripting/Coroutines.cs:17)

(Filename: C:/build/output/unity/unity/Runtime/Export/Debug/Debug.bindings.cs Line: 130)

[QA] PASS Không mua được một cái máy hai lần | Đã mua.
UnityEngine.Debug:ExtractStackTraceNoAlloc (byte*,int,string)
UnityEngine.StackTraceUtility:ExtractStackTrace () (at C:/build/output/unity/unity/Runtime/Export/Scripting/StackTrace.cs:23)
UnityEngine.DebugLogHandler:Internal_Log (UnityEngine.LogType,UnityEngine.LogOption,string,UnityEngine.Object)
UnityEngine.DebugLogHandler:LogFormat (UnityEngine.LogType,UnityEngine.Object,string,object[]) (at C:/build/output/unity/unity/Runtime/Export/Logging/DebugLogHandler.cs:9)
UnityEngine.Logger:Log (UnityEngine.LogType,object) (at C:/build/output/unity/unity/Runtime/Export/Logging/Logger.cs:60)
UnityEngine.Debug:Log (object) (at C:/build/output/unity/unity/Runtime/Export/Debug/Debug.bindings.cs:130)
VuonNho.Views.QaChecklist:Check (string,bool,string) (at C:/Users/PC/Desktop/Game/VuonNho/Assets/Scripts/Views/QaChecklist.cs:2078)
VuonNho.Views.QaChecklist/<RunProcessingChecks>d__12:MoveNext () (at C:/Users/PC/Desktop/Game/VuonNho/Assets/Scripts/Views/QaChecklist.cs:147)
UnityEngine.SetupCoroutine:InvokeMoveNext (System.Collections.IEnumerator,intptr) (at C:/build/output/unity/unity/Runtime/Export/Scripting/Coroutines.cs:17)

(Filename: C:/build/output/unity/unity/Runtime/Export/Debug/Debug.bindings.cs Line: 130)

[QA] PASS Thuê đủ thợ cho tất cả các máy | 6 thợ
UnityEngine.Debug:ExtractStackTraceNoAlloc (byte*,int,string)
UnityEngine.StackTraceUtility:ExtractStackTrace () (at C:/build/output/unity/unity/Runtime/Export/Scripting/StackTrace.cs:23)
UnityEngine.DebugLogHandler:Internal_Log (UnityEngine.LogType,UnityEngine.LogOption,string,UnityEngine.Object)
UnityEngine.DebugLogHandler:LogFormat (UnityEngine.LogType,UnityEngine.Object,string,object[]) (at C:/build/output/unity/unity/Runtime/Export/Logging/DebugLogHandler.cs:9)
UnityEngine.Logger:Log (UnityEngine.LogType,object) (at C:/build/output/unity/unity/Runtime/Export/Logging/Logger.cs:60)
UnityEngine.Debug:Log (object) (at C:/build/output/unity/unity/Runtime/Export/Debug/Debug.bindings.cs:130)
VuonNho.Views.QaChecklist:Check (string,bool,string) (at C:/Users/PC/Desktop/Game/VuonNho/Assets/Scripts/Views/QaChecklist.cs:2078)
VuonNho.Views.QaChecklist/<RunProcessingChecks>d__12:MoveNext () (at C:/Users/PC/Desktop/Game/VuonNho/Assets/Scripts/Views/QaChecklist.cs:154)
UnityEngine.SetupCoroutine:InvokeMoveNext (System.Collections.IEnumerator,intptr) (at C:/build/output/unity/unity/Runtime/Export/Scripting/Coroutines.cs:17)

(Filename: C:/build/output/unity/unity/Runtime/Export/Debug/Debug.bindings.cs Line: 130)

[QA] PASS Lá tươi đi hết chuỗi thành trà đóng gói
UnityEngine.Debug:ExtractStackTraceNoAlloc (byte*,int,string)
UnityEngine.StackTraceUtility:ExtractStackTrace () (at C:/build/output/unity/unity/Runtime/Export/Scripting/StackTrace.cs:23)
UnityEngine.DebugLogHandler:Internal_Log (UnityEngine.LogType,UnityEngine.LogOption,string,UnityEngine.Object)
UnityEngine.DebugLogHandler:LogFormat (UnityEngine.LogType,UnityEngine.Object,string,object[]) (at C:/build/output/unity/unity/Runtime/Export/Logging/DebugLogHandler.cs:9)
UnityEngine.Logger:Log (UnityEngine.LogType,object) (at C:/build/output/unity/unity/Runtime/Export/Logging/Logger.cs:60)
UnityEngine.Debug:Log (object) (at C:/build/output/unity/unity/Runtime/Export/Debug/Debug.bindings.cs:130)
VuonNho.Views.QaChecklist:Check (string,bool,string) (at C:/Users/PC/Desktop/Game/VuonNho/Assets/Scripts/Views/QaChecklist.cs:2078)
VuonNho.Views.QaChecklist/<RunProcessingChecks>d__12:MoveNext () (at C:/Users/PC/Desktop/Game/VuonNho/Assets/Scripts/Views/QaChecklist.cs:171)
UnityEngine.SetupCoroutine:InvokeMoveNext (System.Collections.IEnumerator,intptr) (at C:/build/output/unity/unity/Runtime/Export/Scripting/Coroutines.cs:17)

(Filename: C:/build/output/unity/unity/Runtime/Export/Debug/Debug.bindings.cs Line: 130)

[QA] PASS Thợ ăn lương và xu vẫn không âm | 4464 xu, 6/6 thợ đang làm
UnityEngine.Debug:ExtractStackTraceNoAlloc (byte*,int,string)
UnityEngine.StackTraceUtility:ExtractStackTrace () (at C:/build/output/unity/unity/Runtime/Export/Scripting/StackTrace.cs:23)
UnityEngine.DebugLogHandler:Internal_Log (UnityEngine.LogType,UnityEngine.LogOption,string,UnityEngine.Object)
UnityEngine.DebugLogHandler:LogFormat (UnityEngine.LogType,UnityEngine.Object,string,object[]) (at C:/build/output/unity/unity/Runtime/Export/Logging/DebugLogHandler.cs:9)
UnityEngine.Logger:Log (UnityEngine.LogType,object) (at C:/build/output/unity/unity/Runtime/Export/Logging/Logger.cs:60)
UnityEngine.Debug:Log (object) (at C:/build/output/unity/unity/Runtime/Export/Debug/Debug.bindings.cs:130)
VuonNho.Views.QaChecklist:Check (string,bool,string) (at C:/Users/PC/Desktop/Game/VuonNho/Assets/Scripts/Views/QaChecklist.cs:2078)
VuonNho.Views.QaChecklist/<RunProcessingChecks>d__12:MoveNext () (at C:/Users/PC/Desktop/Game/VuonNho/Assets/Scripts/Views/QaChecklist.cs:177)
UnityEngine.SetupCoroutine:InvokeMoveNext (System.Collections.IEnumerator,intptr) (at C:/build/output/unity/unity/Runtime/Export/Scripting/Coroutines.cs:17)

(Filename: C:/build/output/unity/unity/Runtime/Export/Debug/Debug.bindings.cs Line: 130)

[QA] PASS Xây dây chuyền xong vẫn kiếm được xu | trước 4079, sau 4464
UnityEngine.Debug:ExtractStackTraceNoAlloc (byte*,int,string)
UnityEngine.StackTraceUtility:ExtractStackTrace () (at C:/build/output/unity/unity/Runtime/Export/Scripting/StackTrace.cs:23)
UnityEngine.DebugLogHandler:Internal_Log (UnityEngine.LogType,UnityEngine.LogOption,string,UnityEngine.Object)
UnityEngine.DebugLogHandler:LogFormat (UnityEngine.LogType,UnityEngine.Object,string,object[]) (at C:/build/output/unity/unity/Runtime/Export/Logging/DebugLogHandler.cs:9)
UnityEngine.Logger:Log (UnityEngine.LogType,object) (at C:/build/output/unity/unity/Runtime/Export/Logging/Logger.cs:60)
UnityEngine.Debug:Log (object) (at C:/build/output/unity/unity/Runtime/Export/Debug/Debug.bindings.cs:130)
VuonNho.Views.QaChecklist:Check (string,bool,string) (at C:/Users/PC/Desktop/Game/VuonNho/Assets/Scripts/Views/QaChecklist.cs:2078)
VuonNho.Views.QaChecklist/<RunProcessingChecks>d__12:MoveNext () (at C:/Users/PC/Desktop/Game/VuonNho/Assets/Scripts/Views/QaChecklist.cs:181)
UnityEngine.SetupCoroutine:InvokeMoveNext (System.Collections.IEnumerator,intptr) (at C:/build/output/unity/unity/Runtime/Export/Scripting/Coroutines.cs:17)

(Filename: C:/build/output/unity/unity/Runtime/Export/Debug/Debug.bindings.cs Line: 130)

[QA] PASS Bảng Xưởng mở được và có đủ hàng
UnityEngine.Debug:ExtractStackTraceNoAlloc (byte*,int,string)
UnityEngine.StackTraceUtility:ExtractStackTrace () (at C:/build/output/unity/unity/Runtime/Export/Scripting/StackTrace.cs:23)
UnityEngine.DebugLogHandler:Internal_Log (UnityEngine.LogType,UnityEngine.LogOption,string,UnityEngine.Object)
UnityEngine.DebugLogHandler:LogFormat (UnityEngine.LogType,UnityEngine.Object,string,object[]) (at C:/build/output/unity/unity/Runtime/Export/Logging/DebugLogHandler.cs:9)
UnityEngine.Logger:Log (UnityEngine.LogType,object) (at C:/build/output/unity/unity/Runtime/Export/Logging/Logger.cs:60)
UnityEngine.Debug:Log (object) (at C:/build/output/unity/unity/Runtime/Export/Debug/Debug.bindings.cs:130)
VuonNho.Views.QaChecklist:Check (string,bool,string) (at C:/Users/PC/Desktop/Game/VuonNho/Assets/Scripts/Views/QaChecklist.cs:2078)
VuonNho.Views.QaChecklist/<RunProcessingChecks>d__12:MoveNext () (at C:/Users/PC/Desktop/Game/VuonNho/Assets/Scripts/Views/QaChecklist.cs:189)
UnityEngine.SetupCoroutine:InvokeMoveNext (System.Collections.IEnumerator,intptr) (at C:/build/output/unity/unity/Runtime/Export/Scripting/Coroutines.cs:17)

(Filename: C:/build/output/unity/unity/Runtime/Export/Debug/Debug.bindings.cs Line: 130)

[QA] PASS Chữ không tràn khỏi ô chứa — workshop | 26 nhãn
UnityEngine.Debug:ExtractStackTraceNoAlloc (byte*,int,string)
UnityEngine.StackTraceUtility:ExtractStackTrace () (at C:/build/output/unity/unity/Runtime/Export/Scripting/StackTrace.cs:23)
UnityEngine.DebugLogHandler:Internal_Log (UnityEngine.LogType,UnityEngine.LogOption,string,UnityEngine.Object)
UnityEngine.DebugLogHandler:LogFormat (UnityEngine.LogType,UnityEngine.Object,string,object[]) (at C:/build/output/unity/unity/Runtime/Export/Logging/DebugLogHandler.cs:9)
UnityEngine.Logger:Log (UnityEngine.LogType,object) (at C:/build/output/unity/unity/Runtime/Export/Logging/Logger.cs:60)
UnityEngine.Debug:Log (object) (at C:/build/output/unity/unity/Runtime/Export/Debug/Debug.bindings.cs:130)
VuonNho.Views.QaChecklist:Check (string,bool,string) (at C:/Users/PC/Desktop/Game/VuonNho/Assets/Scripts/Views/QaChecklist.cs:2078)
VuonNho.Views.QaChecklist:CheckTextOverflow (string,UnityEngine.RectTransform) (at C:/Users/PC/Desktop/Game/VuonNho/Assets/Scripts/Views/QaChecklist.cs:1674)
VuonNho.Views.QaChecklist/<RunProcessingChecks>d__12:MoveNext () (at C:/Users/PC/Desktop/Game/VuonNho/Assets/Scripts/Views/QaChecklist.cs:192)
UnityEngine.SetupCoroutine:InvokeMoveNext (System.Collections.IEnumerator,intptr) (at C:/build/output/unity/unity/Runtime/Export/Scripting/Coroutines.cs:17)

(Filename: C:/build/output/unity/unity/Runtime/Export/Debug/Debug.bindings.cs Line: 130)

[QA] PASS Có quản lý thợ thường trực và hover máy
UnityEngine.Debug:ExtractStackTraceNoAlloc (byte*,int,string)
UnityEngine.StackTraceUtility:ExtractStackTrace () (at C:/build/output/unity/unity/Runtime/Export/Scripting/StackTrace.cs:23)
UnityEngine.DebugLogHandler:Internal_Log (UnityEngine.LogType,UnityEngine.LogOption,string,UnityEngine.Object)
UnityEngine.DebugLogHandler:LogFormat (UnityEngine.LogType,UnityEngine.Object,string,object[]) (at C:/build/output/unity/unity/Runtime/Export/Logging/DebugLogHandler.cs:9)
UnityEngine.Logger:Log (UnityEngine.LogType,object) (at C:/build/output/unity/unity/Runtime/Export/Logging/Logger.cs:60)
UnityEngine.Debug:Log (object) (at C:/build/output/unity/unity/Runtime/Export/Debug/Debug.bindings.cs:130)
VuonNho.Views.QaChecklist:Check (string,bool,string) (at C:/Users/PC/Desktop/Game/VuonNho/Assets/Scripts/Views/QaChecklist.cs:2078)
VuonNho.Views.QaChecklist/<CheckWorkshopPresentation>d__13:MoveNext () (at C:/Users/PC/Desktop/Game/VuonNho/Assets/Scripts/Views/QaChecklist.cs:202)
UnityEngine.SetupCoroutine:InvokeMoveNext (System.Collections.IEnumerator,intptr) (at C:/build/output/unity/unity/Runtime/Export/Scripting/Coroutines.cs:17)

(Filename: C:/build/output/unity/unity/Runtime/Export/Debug/Debug.bindings.cs Line: 130)

[QA] PASS Thợ vẫn hiện qua nhiều mẻ làm việc và chờ nguyên liệu | ít nhất 6/6 thợ luôn có mặt
UnityEngine.Debug:ExtractStackTraceNoAlloc (byte*,int,string)
UnityEngine.StackTraceUtility:ExtractStackTrace () (at C:/build/output/unity/unity/Runtime/Export/Scripting/StackTrace.cs:23)
UnityEngine.DebugLogHandler:Internal_Log (UnityEngine.LogType,UnityEngine.LogOption,string,UnityEngine.Object)
UnityEngine.DebugLogHandler:LogFormat (UnityEngine.LogType,UnityEngine.Object,string,object[]) (at C:/build/output/unity/unity/Runtime/Export/Logging/DebugLogHandler.cs:9)
UnityEngine.Logger:Log (UnityEngine.LogType,object) (at C:/build/output/unity/unity/Runtime/Export/Logging/Logger.cs:60)
UnityEngine.Debug:Log (object) (at C:/build/output/unity/unity/Runtime/Export/Debug/Debug.bindings.cs:130)
VuonNho.Views.QaChecklist:Check (string,bool,string) (at C:/Users/PC/Desktop/Game/VuonNho/Assets/Scripts/Views/QaChecklist.cs:2078)
VuonNho.Views.QaChecklist/<CheckWorkshopPresentation>d__13:MoveNext () (at C:/Users/PC/Desktop/Game/VuonNho/Assets/Scripts/Views/QaChecklist.cs:258)
UnityEngine.SetupCoroutine:InvokeMoveNext (System.Collections.IEnumerator,intptr) (at C:/build/output/unity/unity/Runtime/Export/Scripting/Coroutines.cs:17)

(Filename: C:/build/output/unity/unity/Runtime/Export/Debug/Debug.bindings.cs Line: 130)

[QA] PASS Model có đủ hai tay xoay tại vai | 6 thợ có ArmLeft và ArmRight
UnityEngine.Debug:ExtractStackTraceNoAlloc (byte*,int,string)
UnityEngine.StackTraceUtility:ExtractStackTrace () (at C:/build/output/unity/unity/Runtime/Export/Scripting/StackTrace.cs:23)
UnityEngine.DebugLogHandler:Internal_Log (UnityEngine.LogType,UnityEngine.LogOption,string,UnityEngine.Object)
UnityEngine.DebugLogHandler:LogFormat (UnityEngine.LogType,UnityEngine.Object,string,object[]) (at C:/build/output/unity/unity/Runtime/Export/Logging/DebugLogHandler.cs:9)
UnityEngine.Logger:Log (UnityEngine.LogType,object) (at C:/build/output/unity/unity/Runtime/Export/Logging/Logger.cs:60)
UnityEngine.Debug:Log (object) (at C:/build/output/unity/unity/Runtime/Export/Debug/Debug.bindings.cs:130)
VuonNho.Views.QaChecklist:Check (string,bool,string) (at C:/Users/PC/Desktop/Game/VuonNho/Assets/Scripts/Views/QaChecklist.cs:2078)
VuonNho.Views.QaChecklist/<CheckWorkshopPresentation>d__13:MoveNext () (at C:/Users/PC/Desktop/Game/VuonNho/Assets/Scripts/Views/QaChecklist.cs:263)
UnityEngine.SetupCoroutine:InvokeMoveNext (System.Collections.IEnumerator,intptr) (at C:/build/output/unity/unity/Runtime/Export/Scripting/Coroutines.cs:17)

(Filename: C:/build/output/unity/unity/Runtime/Export/Debug/Debug.bindings.cs Line: 130)

[QA] PASS Tay thợ chuyển động trong player | lệch nhiều nhất 73.2°
UnityEngine.Debug:ExtractStackTraceNoAlloc (byte*,int,string)
UnityEngine.StackTraceUtility:ExtractStackTrace () (at C:/build/output/unity/unity/Runtime/Export/Scripting/StackTrace.cs:23)
UnityEngine.DebugLogHandler:Internal_Log (UnityEngine.LogType,UnityEngine.LogOption,string,UnityEngine.Object)
UnityEngine.DebugLogHandler:LogFormat (UnityEngine.LogType,UnityEngine.Object,string,object[]) (at C:/build/output/unity/unity/Runtime/Export/Logging/DebugLogHandler.cs:9)
UnityEngine.Logger:Log (UnityEngine.LogType,object) (at C:/build/output/unity/unity/Runtime/Export/Logging/Logger.cs:60)
UnityEngine.Debug:Log (object) (at C:/build/output/unity/unity/Runtime/Export/Debug/Debug.bindings.cs:130)
VuonNho.Views.QaChecklist:Check (string,bool,string) (at C:/Users/PC/Desktop/Game/VuonNho/Assets/Scripts/Views/QaChecklist.cs:2078)
VuonNho.Views.QaChecklist/<CheckWorkshopPresentation>d__13:MoveNext () (at C:/Users/PC/Desktop/Game/VuonNho/Assets/Scripts/Views/QaChecklist.cs:266)
UnityEngine.SetupCoroutine:InvokeMoveNext (System.Collections.IEnumerator,intptr) (at C:/build/output/unity/unity/Runtime/Export/Scripting/Coroutines.cs:17)

(Filename: C:/build/output/unity/unity/Runtime/Export/Debug/Debug.bindings.cs Line: 130)

[QA] FAIL Rê chuột nhận đủ sáu máy và hiện thông tin | 0/6 máy — cửa sổ không có focus, hover tự tắt; đóng bớt cửa sổ game rồi chạy lại
UnityEngine.Debug:ExtractStackTraceNoAlloc (byte*,int,string)
UnityEngine.StackTraceUtility:ExtractStackTrace () (at C:/build/output/unity/unity/Runtime/Export/Scripting/StackTrace.cs:23)
UnityEngine.DebugLogHandler:Internal_Log (UnityEngine.LogType,UnityEngine.LogOption,string,UnityEngine.Object)
UnityEngine.DebugLogHandler:LogFormat (UnityEngine.LogType,UnityEngine.Object,string,object[]) (at C:/build/output/unity/unity/Runtime/Export/Logging/DebugLogHandler.cs:9)
UnityEngine.Logger:Log (UnityEngine.LogType,object) (at C:/build/output/unity/unity/Runtime/Export/Logging/Logger.cs:60)
UnityEngine.Debug:Log (object) (at C:/build/output/unity/unity/Runtime/Export/Debug/Debug.bindings.cs:130)
VuonNho.Views.QaChecklist:Check (string,bool,string) (at C:/Users/PC/Desktop/Game/VuonNho/Assets/Scripts/Views/QaChecklist.cs:2078)
VuonNho.Views.QaChecklist/<CheckWorkshopPresentation>d__13:MoveNext () (at C:/Users/PC/Desktop/Game/VuonNho/Assets/Scripts/Views/QaChecklist.cs:301)
UnityEngine.SetupCoroutine:InvokeMoveNext (System.Collections.IEnumerator,intptr) (at C:/build/output/unity/unity/Runtime/Export/Scripting/Coroutines.cs:17)

(Filename: C:/build/output/unity/unity/Runtime/Export/Debug/Debug.bindings.cs Line: 130)

[QA] PASS Bảng hover nằm trong màn hình | sát mép nhất còn trong màn hình
UnityEngine.Debug:ExtractStackTraceNoAlloc (byte*,int,string)
UnityEngine.StackTraceUtility:ExtractStackTrace () (at C:/build/output/unity/unity/Runtime/Export/Scripting/StackTrace.cs:23)
UnityEngine.DebugLogHandler:Internal_Log (UnityEngine.LogType,UnityEngine.LogOption,string,UnityEngine.Object)
UnityEngine.DebugLogHandler:LogFormat (UnityEngine.LogType,UnityEngine.Object,string,object[]) (at C:/build/output/unity/unity/Runtime/Export/Logging/DebugLogHandler.cs:9)
UnityEngine.Logger:Log (UnityEngine.LogType,object) (at C:/build/output/unity/unity/Runtime/Export/Logging/Logger.cs:60)
UnityEngine.Debug:Log (object) (at C:/build/output/unity/unity/Runtime/Export/Debug/Debug.bindings.cs:130)
VuonNho.Views.QaChecklist:Check (string,bool,string) (at C:/Users/PC/Desktop/Game/VuonNho/Assets/Scripts/Views/QaChecklist.cs:2078)
VuonNho.Views.QaChecklist/<CheckWorkshopPresentation>d__13:MoveNext () (at C:/Users/PC/Desktop/Game/VuonNho/Assets/Scripts/Views/QaChecklist.cs:306)
UnityEngine.SetupCoroutine:InvokeMoveNext (System.Collections.IEnumerator,intptr) (at C:/build/output/unity/unity/Runtime/Export/Scripting/Coroutines.cs:17)

(Filename: C:/build/output/unity/unity/Runtime/Export/Debug/Debug.bindings.cs Line: 130)

[QA] PASS Hover ẩn khi chuột vào HUD
UnityEngine.Debug:ExtractStackTraceNoAlloc (byte*,int,string)
UnityEngine.StackTraceUtility:ExtractStackTrace () (at C:/build/output/unity/unity/Runtime/Export/Scripting/StackTrace.cs:23)
UnityEngine.DebugLogHandler:Internal_Log (UnityEngine.LogType,UnityEngine.LogOption,string,UnityEngine.Object)
UnityEngine.DebugLogHandler:LogFormat (UnityEngine.LogType,UnityEngine.Object,string,object[]) (at C:/build/output/unity/unity/Runtime/Export/Logging/DebugLogHandler.cs:9)
UnityEngine.Logger:Log (UnityEngine.LogType,object) (at C:/build/output/unity/unity/Runtime/Export/Logging/Logger.cs:60)
UnityEngine.Debug:Log (object) (at C:/build/output/unity/unity/Runtime/Export/Debug/Debug.bindings.cs:130)
VuonNho.Views.QaChecklist:Check (string,bool,string) (at C:/Users/PC/Desktop/Game/VuonNho/Assets/Scripts/Views/QaChecklist.cs:2078)
VuonNho.Views.QaChecklist/<CheckWorkshopPresentation>d__13:MoveNext () (at C:/Users/PC/Desktop/Game/VuonNho/Assets/Scripts/Views/QaChecklist.cs:312)
UnityEngine.SetupCoroutine:InvokeMoveNext (System.Collections.IEnumerator,intptr) (at C:/build/output/unity/unity/Runtime/Export/Scripting/Coroutines.cs:17)

(Filename: C:/build/output/unity/unity/Runtime/Export/Debug/Debug.bindings.cs Line: 130)

[QA] PASS Hover ẩn khi chuột rời màn hình
UnityEngine.Debug:ExtractStackTraceNoAlloc (byte*,int,string)
UnityEngine.StackTraceUtility:ExtractStackTrace () (at C:/build/output/unity/unity/Runtime/Export/Scripting/StackTrace.cs:23)
UnityEngine.DebugLogHandler:Internal_Log (UnityEngine.LogType,UnityEngine.LogOption,string,UnityEngine.Object)
UnityEngine.DebugLogHandler:LogFormat (UnityEngine.LogType,UnityEngine.Object,string,object[]) (at C:/build/output/unity/unity/Runtime/Export/Logging/DebugLogHandler.cs:9)
UnityEngine.Logger:Log (UnityEngine.LogType,object) (at C:/build/output/unity/unity/Runtime/Export/Logging/Logger.cs:60)
UnityEngine.Debug:Log (object) (at C:/build/output/unity/unity/Runtime/Export/Debug/Debug.bindings.cs:130)
VuonNho.Views.QaChecklist:Check (string,bool,string) (at C:/Users/PC/Desktop/Game/VuonNho/Assets/Scripts/Views/QaChecklist.cs:2078)
VuonNho.Views.QaChecklist/<CheckWorkshopPresentation>d__13:MoveNext () (at C:/Users/PC/Desktop/Game/VuonNho/Assets/Scripts/Views/QaChecklist.cs:317)
UnityEngine.SetupCoroutine:InvokeMoveNext (System.Collections.IEnumerator,intptr) (at C:/build/output/unity/unity/Runtime/Export/Scripting/Coroutines.cs:17)

(Filename: C:/build/output/unity/unity/Runtime/Export/Debug/Debug.bindings.cs Line: 130)

[QA] PASS Robot mất thời gian đi tới ô | còn 515 ms nữa mới tới ô 1
UnityEngine.Debug:ExtractStackTraceNoAlloc (byte*,int,string)
UnityEngine.StackTraceUtility:ExtractStackTrace () (at C:/build/output/unity/unity/Runtime/Export/Scripting/StackTrace.cs:23)
UnityEngine.DebugLogHandler:Internal_Log (UnityEngine.LogType,UnityEngine.LogOption,string,UnityEngine.Object)
UnityEngine.DebugLogHandler:LogFormat (UnityEngine.LogType,UnityEngine.Object,string,object[]) (at C:/build/output/unity/unity/Runtime/Export/Logging/DebugLogHandler.cs:9)
UnityEngine.Logger:Log (UnityEngine.LogType,object) (at C:/build/output/unity/unity/Runtime/Export/Logging/Logger.cs:60)
UnityEngine.Debug:Log (object) (at C:/build/output/unity/unity/Runtime/Export/Debug/Debug.bindings.cs:130)
VuonNho.Views.QaChecklist:Check (string,bool,string) (at C:/Users/PC/Desktop/Game/VuonNho/Assets/Scripts/Views/QaChecklist.cs:2078)
VuonNho.Views.QaChecklist/<CheckRobotHarvestTrip>d__14:MoveNext () (at C:/Users/PC/Desktop/Game/VuonNho/Assets/Scripts/Views/QaChecklist.cs:355)
UnityEngine.SetupCoroutine:InvokeMoveNext (System.Collections.IEnumerator,intptr) (at C:/build/output/unity/unity/Runtime/Export/Scripting/Coroutines.cs:17)

(Filename: C:/build/output/unity/unity/Runtime/Export/Debug/Debug.bindings.cs Line: 130)

[QA] PASS Cây chín nằm chờ chứ không bị thu sạch tức thì | 1 ô đang chín chờ robot
UnityEngine.Debug:ExtractStackTraceNoAlloc (byte*,int,string)
UnityEngine.StackTraceUtility:ExtractStackTrace () (at C:/build/output/unity/unity/Runtime/Export/Scripting/StackTrace.cs:23)
UnityEngine.DebugLogHandler:Internal_Log (UnityEngine.LogType,UnityEngine.LogOption,string,UnityEngine.Object)
UnityEngine.DebugLogHandler:LogFormat (UnityEngine.LogType,UnityEngine.Object,string,object[]) (at C:/build/output/unity/unity/Runtime/Export/Logging/DebugLogHandler.cs:9)
UnityEngine.Logger:Log (UnityEngine.LogType,object) (at C:/build/output/unity/unity/Runtime/Export/Logging/Logger.cs:60)
UnityEngine.Debug:Log (object) (at C:/build/output/unity/unity/Runtime/Export/Debug/Debug.bindings.cs:130)
VuonNho.Views.QaChecklist:Check (string,bool,string) (at C:/Users/PC/Desktop/Game/VuonNho/Assets/Scripts/Views/QaChecklist.cs:2078)
VuonNho.Views.QaChecklist/<CheckRobotHarvestTrip>d__14:MoveNext () (at C:/Users/PC/Desktop/Game/VuonNho/Assets/Scripts/Views/QaChecklist.cs:361)
UnityEngine.SetupCoroutine:InvokeMoveNext (System.Collections.IEnumerator,intptr) (at C:/build/output/unity/unity/Runtime/Export/Scripting/Coroutines.cs:17)

(Filename: C:/build/output/unity/unity/Runtime/Export/Debug/Debug.bindings.cs Line: 130)

[QA] PASS Hình robot chạy theo mô phỏng | đi được 453 cm
UnityEngine.Debug:ExtractStackTraceNoAlloc (byte*,int,string)
UnityEngine.StackTraceUtility:ExtractStackTrace () (at C:/build/output/unity/unity/Runtime/Export/Scripting/StackTrace.cs:23)
UnityEngine.DebugLogHandler:Internal_Log (UnityEngine.LogType,UnityEngine.LogOption,string,UnityEngine.Object)
UnityEngine.DebugLogHandler:LogFormat (UnityEngine.LogType,UnityEngine.Object,string,object[]) (at C:/build/output/unity/unity/Runtime/Export/Logging/DebugLogHandler.cs:9)
UnityEngine.Logger:Log (UnityEngine.LogType,object) (at C:/build/output/unity/unity/Runtime/Export/Logging/Logger.cs:60)
UnityEngine.Debug:Log (object) (at C:/build/output/unity/unity/Runtime/Export/Debug/Debug.bindings.cs:130)
VuonNho.Views.QaChecklist:Check (string,bool,string) (at C:/Users/PC/Desktop/Game/VuonNho/Assets/Scripts/Views/QaChecklist.cs:2078)
VuonNho.Views.QaChecklist/<CheckRobotHarvestTrip>d__14:MoveNext () (at C:/Users/PC/Desktop/Game/VuonNho/Assets/Scripts/Views/QaChecklist.cs:369)
UnityEngine.SetupCoroutine:InvokeMoveNext (System.Collections.IEnumerator,intptr) (at C:/build/output/unity/unity/Runtime/Export/Scripting/Coroutines.cs:17)

(Filename: C:/build/output/unity/unity/Runtime/Export/Debug/Debug.bindings.cs Line: 130)

[QA] PASS Thu xong thì robot đứng lại ngay ô đó | ô 1
UnityEngine.Debug:ExtractStackTraceNoAlloc (byte*,int,string)
UnityEngine.StackTraceUtility:ExtractStackTrace () (at C:/build/output/unity/unity/Runtime/Export/Scripting/StackTrace.cs:23)
UnityEngine.DebugLogHandler:Internal_Log (UnityEngine.LogType,UnityEngine.LogOption,string,UnityEngine.Object)
UnityEngine.DebugLogHandler:LogFormat (UnityEngine.LogType,UnityEngine.Object,string,object[]) (at C:/build/output/unity/unity/Runtime/Export/Logging/DebugLogHandler.cs:9)
UnityEngine.Logger:Log (UnityEngine.LogType,object) (at C:/build/output/unity/unity/Runtime/Export/Logging/Logger.cs:60)
UnityEngine.Debug:Log (object) (at C:/build/output/unity/unity/Runtime/Export/Debug/Debug.bindings.cs:130)
VuonNho.Views.QaChecklist:Check (string,bool,string) (at C:/Users/PC/Desktop/Game/VuonNho/Assets/Scripts/Views/QaChecklist.cs:2078)
VuonNho.Views.QaChecklist/<CheckRobotHarvestTrip>d__14:MoveNext () (at C:/Users/PC/Desktop/Game/VuonNho/Assets/Scripts/Views/QaChecklist.cs:381)
UnityEngine.SetupCoroutine:InvokeMoveNext (System.Collections.IEnumerator,intptr) (at C:/build/output/unity/unity/Runtime/Export/Scripting/Coroutines.cs:17)

(Filename: C:/build/output/unity/unity/Runtime/Export/Debug/Debug.bindings.cs Line: 130)

[QA] PASS Gieo một vụ thì trừ độ phì của ô | 100 → 96 (trừ 4)
UnityEngine.Debug:ExtractStackTraceNoAlloc (byte*,int,string)
UnityEngine.StackTraceUtility:ExtractStackTrace () (at C:/build/output/unity/unity/Runtime/Export/Scripting/StackTrace.cs:23)
UnityEngine.DebugLogHandler:Internal_Log (UnityEngine.LogType,UnityEngine.LogOption,string,UnityEngine.Object)
UnityEngine.DebugLogHandler:LogFormat (UnityEngine.LogType,UnityEngine.Object,string,object[]) (at C:/build/output/unity/unity/Runtime/Export/Logging/DebugLogHandler.cs:9)
UnityEngine.Logger:Log (UnityEngine.LogType,object) (at C:/build/output/unity/unity/Runtime/Export/Logging/Logger.cs:60)
UnityEngine.Debug:Log (object) (at C:/build/output/unity/unity/Runtime/Export/Debug/Debug.bindings.cs:130)
VuonNho.Views.QaChecklist:Check (string,bool,string) (at C:/Users/PC/Desktop/Game/VuonNho/Assets/Scripts/Views/QaChecklist.cs:2078)
VuonNho.Views.QaChecklist/<CheckCultivation>d__15:MoveNext () (at C:/Users/PC/Desktop/Game/VuonNho/Assets/Scripts/Views/QaChecklist.cs:415)
UnityEngine.SetupCoroutine:InvokeMoveNext (System.Collections.IEnumerator,intptr) (at C:/build/output/unity/unity/Runtime/Export/Scripting/Coroutines.cs:17)

(Filename: C:/build/output/unity/unity/Runtime/Export/Debug/Debug.bindings.cs Line: 130)

[QA] PASS Đất bỏ không tự hồi nhưng dừng ở trần tự nhiên | 45/100, trần 45
UnityEngine.Debug:ExtractStackTraceNoAlloc (byte*,int,string)
UnityEngine.StackTraceUtility:ExtractStackTrace () (at C:/build/output/unity/unity/Runtime/Export/Scripting/StackTrace.cs:23)
UnityEngine.DebugLogHandler:Internal_Log (UnityEngine.LogType,UnityEngine.LogOption,string,UnityEngine.Object)
UnityEngine.DebugLogHandler:LogFormat (UnityEngine.LogType,UnityEngine.Object,string,object[]) (at C:/build/output/unity/unity/Runtime/Export/Logging/DebugLogHandler.cs:9)
UnityEngine.Logger:Log (UnityEngine.LogType,object) (at C:/build/output/unity/unity/Runtime/Export/Logging/Logger.cs:60)
UnityEngine.Debug:Log (object) (at C:/build/output/unity/unity/Runtime/Export/Debug/Debug.bindings.cs:130)
VuonNho.Views.QaChecklist:Check (string,bool,string) (at C:/Users/PC/Desktop/Game/VuonNho/Assets/Scripts/Views/QaChecklist.cs:2078)
VuonNho.Views.QaChecklist/<CheckCultivation>d__15:MoveNext () (at C:/Users/PC/Desktop/Game/VuonNho/Assets/Scripts/Views/QaChecklist.cs:427)
UnityEngine.SetupCoroutine:InvokeMoveNext (System.Collections.IEnumerator,intptr) (at C:/build/output/unity/unity/Runtime/Export/Scripting/Coroutines.cs:17)

(Filename: C:/build/output/unity/unity/Runtime/Export/Debug/Debug.bindings.cs Line: 130)

[QA] PASS Bón phân đưa đất về mức tốt nhất và trừ đúng tiền | độ phì 100, còn 20291 xu
UnityEngine.Debug:ExtractStackTraceNoAlloc (byte*,int,string)
UnityEngine.StackTraceUtility:ExtractStackTrace () (at C:/build/output/unity/unity/Runtime/Export/Scripting/StackTrace.cs:23)
UnityEngine.DebugLogHandler:Internal_Log (UnityEngine.LogType,UnityEngine.LogOption,string,UnityEngine.Object)
UnityEngine.DebugLogHandler:LogFormat (UnityEngine.LogType,UnityEngine.Object,string,object[]) (at C:/build/output/unity/unity/Runtime/Export/Logging/DebugLogHandler.cs:9)
UnityEngine.Logger:Log (UnityEngine.LogType,object) (at C:/build/output/unity/unity/Runtime/Export/Logging/Logger.cs:60)
UnityEngine.Debug:Log (object) (at C:/build/output/unity/unity/Runtime/Export/Debug/Debug.bindings.cs:130)
VuonNho.Views.QaChecklist:Check (string,bool,string) (at C:/Users/PC/Desktop/Game/VuonNho/Assets/Scripts/Views/QaChecklist.cs:2078)
VuonNho.Views.QaChecklist/<CheckCultivation>d__15:MoveNext () (at C:/Users/PC/Desktop/Game/VuonNho/Assets/Scripts/Views/QaChecklist.cs:435)
UnityEngine.SetupCoroutine:InvokeMoveNext (System.Collections.IEnumerator,intptr) (at C:/build/output/unity/unity/Runtime/Export/Scripting/Coroutines.cs:17)

(Filename: C:/build/output/unity/unity/Runtime/Export/Debug/Debug.bindings.cs Line: 130)

[QA] PASS Đất đang tốt thì không cho bón thêm
UnityEngine.Debug:ExtractStackTraceNoAlloc (byte*,int,string)
UnityEngine.StackTraceUtility:ExtractStackTrace () (at C:/build/output/unity/unity/Runtime/Export/Scripting/StackTrace.cs:23)
UnityEngine.DebugLogHandler:Internal_Log (UnityEngine.LogType,UnityEngine.LogOption,string,UnityEngine.Object)
UnityEngine.DebugLogHandler:LogFormat (UnityEngine.LogType,UnityEngine.Object,string,object[]) (at C:/build/output/unity/unity/Runtime/Export/Logging/DebugLogHandler.cs:9)
UnityEngine.Logger:Log (UnityEngine.LogType,object) (at C:/build/output/unity/unity/Runtime/Export/Logging/Logger.cs:60)
UnityEngine.Debug:Log (object) (at C:/build/output/unity/unity/Runtime/Export/Debug/Debug.bindings.cs:130)
VuonNho.Views.QaChecklist:Check (string,bool,string) (at C:/Users/PC/Desktop/Game/VuonNho/Assets/Scripts/Views/QaChecklist.cs:2078)
VuonNho.Views.QaChecklist/<CheckCultivation>d__15:MoveNext () (at C:/Users/PC/Desktop/Game/VuonNho/Assets/Scripts/Views/QaChecklist.cs:440)
UnityEngine.SetupCoroutine:InvokeMoveNext (System.Collections.IEnumerator,intptr) (at C:/build/output/unity/unity/Runtime/Export/Scripting/Coroutines.cs:17)

(Filename: C:/build/output/unity/unity/Runtime/Export/Debug/Debug.bindings.cs Line: 130)

[QA] PASS Bỏ bê một lúc thì cỏ mọc kín ô | 100/100
UnityEngine.Debug:ExtractStackTraceNoAlloc (byte*,int,string)
UnityEngine.StackTraceUtility:ExtractStackTrace () (at C:/build/output/unity/unity/Runtime/Export/Scripting/StackTrace.cs:23)
UnityEngine.DebugLogHandler:Internal_Log (UnityEngine.LogType,UnityEngine.LogOption,string,UnityEngine.Object)
UnityEngine.DebugLogHandler:LogFormat (UnityEngine.LogType,UnityEngine.Object,string,object[]) (at C:/build/output/unity/unity/Runtime/Export/Logging/DebugLogHandler.cs:9)
UnityEngine.Logger:Log (UnityEngine.LogType,object) (at C:/build/output/unity/unity/Runtime/Export/Logging/Logger.cs:60)
UnityEngine.Debug:Log (object) (at C:/build/output/unity/unity/Runtime/Export/Debug/Debug.bindings.cs:130)
VuonNho.Views.QaChecklist:Check (string,bool,string) (at C:/Users/PC/Desktop/Game/VuonNho/Assets/Scripts/Views/QaChecklist.cs:2078)
VuonNho.Views.QaChecklist/<CheckCultivation>d__15:MoveNext () (at C:/Users/PC/Desktop/Game/VuonNho/Assets/Scripts/Views/QaChecklist.cs:445)
UnityEngine.SetupCoroutine:InvokeMoveNext (System.Collections.IEnumerator,intptr) (at C:/build/output/unity/unity/Runtime/Export/Scripting/Coroutines.cs:17)

(Filename: C:/build/output/unity/unity/Runtime/Export/Debug/Debug.bindings.cs Line: 130)

[QA] PASS Cỏ dại làm cây lớn chậm hơn hẳn | 5120 ms → 8192 ms
UnityEngine.Debug:ExtractStackTraceNoAlloc (byte*,int,string)
UnityEngine.StackTraceUtility:ExtractStackTrace () (at C:/build/output/unity/unity/Runtime/Export/Scripting/StackTrace.cs:23)
UnityEngine.DebugLogHandler:Internal_Log (UnityEngine.LogType,UnityEngine.LogOption,string,UnityEngine.Object)
UnityEngine.DebugLogHandler:LogFormat (UnityEngine.LogType,UnityEngine.Object,string,object[]) (at C:/build/output/unity/unity/Runtime/Export/Logging/DebugLogHandler.cs:9)
UnityEngine.Logger:Log (UnityEngine.LogType,object) (at C:/build/output/unity/unity/Runtime/Export/Logging/Logger.cs:60)
UnityEngine.Debug:Log (object) (at C:/build/output/unity/unity/Runtime/Export/Debug/Debug.bindings.cs:130)
VuonNho.Views.QaChecklist:Check (string,bool,string) (at C:/Users/PC/Desktop/Game/VuonNho/Assets/Scripts/Views/QaChecklist.cs:2078)
VuonNho.Views.QaChecklist/<CheckCultivation>d__15:MoveNext () (at C:/Users/PC/Desktop/Game/VuonNho/Assets/Scripts/Views/QaChecklist.cs:449)
UnityEngine.SetupCoroutine:InvokeMoveNext (System.Collections.IEnumerator,intptr) (at C:/build/output/unity/unity/Runtime/Export/Scripting/Coroutines.cs:17)

(Filename: C:/build/output/unity/unity/Runtime/Export/Debug/Debug.bindings.cs Line: 130)

[QA] PASS Làm cỏ xoá sạch cỏ của ô | 0/100
UnityEngine.Debug:ExtractStackTraceNoAlloc (byte*,int,string)
UnityEngine.StackTraceUtility:ExtractStackTrace () (at C:/build/output/unity/unity/Runtime/Export/Scripting/StackTrace.cs:23)
UnityEngine.DebugLogHandler:Internal_Log (UnityEngine.LogType,UnityEngine.LogOption,string,UnityEngine.Object)
UnityEngine.DebugLogHandler:LogFormat (UnityEngine.LogType,UnityEngine.Object,string,object[]) (at C:/build/output/unity/unity/Runtime/Export/Logging/DebugLogHandler.cs:9)
UnityEngine.Logger:Log (UnityEngine.LogType,object) (at C:/build/output/unity/unity/Runtime/Export/Logging/Logger.cs:60)
UnityEngine.Debug:Log (object) (at C:/build/output/unity/unity/Runtime/Export/Debug/Debug.bindings.cs:130)
VuonNho.Views.QaChecklist:Check (string,bool,string) (at C:/Users/PC/Desktop/Game/VuonNho/Assets/Scripts/Views/QaChecklist.cs:2078)
VuonNho.Views.QaChecklist/<CheckCultivation>d__15:MoveNext () (at C:/Users/PC/Desktop/Game/VuonNho/Assets/Scripts/Views/QaChecklist.cs:452)
UnityEngine.SetupCoroutine:InvokeMoveNext (System.Collections.IEnumerator,intptr) (at C:/build/output/unity/unity/Runtime/Export/Scripting/Coroutines.cs:17)

(Filename: C:/build/output/unity/unity/Runtime/Export/Debug/Debug.bindings.cs Line: 130)

[QA] PASS Trị được sâu bệnh và trừ đúng tiền | còn 139753 xu
UnityEngine.Debug:ExtractStackTraceNoAlloc (byte*,int,string)
UnityEngine.StackTraceUtility:ExtractStackTrace () (at C:/build/output/unity/unity/Runtime/Export/Scripting/StackTrace.cs:23)
UnityEngine.DebugLogHandler:Internal_Log (UnityEngine.LogType,UnityEngine.LogOption,string,UnityEngine.Object)
UnityEngine.DebugLogHandler:LogFormat (UnityEngine.LogType,UnityEngine.Object,string,object[]) (at C:/build/output/unity/unity/Runtime/Export/Logging/DebugLogHandler.cs:9)
UnityEngine.Logger:Log (UnityEngine.LogType,object) (at C:/build/output/unity/unity/Runtime/Export/Logging/Logger.cs:60)
UnityEngine.Debug:Log (object) (at C:/build/output/unity/unity/Runtime/Export/Debug/Debug.bindings.cs:130)
VuonNho.Views.QaChecklist:Check (string,bool,string) (at C:/Users/PC/Desktop/Game/VuonNho/Assets/Scripts/Views/QaChecklist.cs:2078)
VuonNho.Views.QaChecklist/<CheckCultivation>d__15:MoveNext () (at C:/Users/PC/Desktop/Game/VuonNho/Assets/Scripts/Views/QaChecklist.cs:460)
UnityEngine.SetupCoroutine:InvokeMoveNext (System.Collections.IEnumerator,intptr) (at C:/build/output/unity/unity/Runtime/Export/Scripting/Coroutines.cs:17)

(Filename: C:/build/output/unity/unity/Runtime/Export/Debug/Debug.bindings.cs Line: 130)

[QA] PASS Ô không có sâu thì không cho trị
UnityEngine.Debug:ExtractStackTraceNoAlloc (byte*,int,string)
UnityEngine.StackTraceUtility:ExtractStackTrace () (at C:/build/output/unity/unity/Runtime/Export/Scripting/StackTrace.cs:23)
UnityEngine.DebugLogHandler:Internal_Log (UnityEngine.LogType,UnityEngine.LogOption,string,UnityEngine.Object)
UnityEngine.DebugLogHandler:LogFormat (UnityEngine.LogType,UnityEngine.Object,string,object[]) (at C:/build/output/unity/unity/Runtime/Export/Logging/DebugLogHandler.cs:9)
UnityEngine.Logger:Log (UnityEngine.LogType,object) (at C:/build/output/unity/unity/Runtime/Export/Logging/Logger.cs:60)
UnityEngine.Debug:Log (object) (at C:/build/output/unity/unity/Runtime/Export/Debug/Debug.bindings.cs:130)
VuonNho.Views.QaChecklist:Check (string,bool,string) (at C:/Users/PC/Desktop/Game/VuonNho/Assets/Scripts/Views/QaChecklist.cs:2078)
VuonNho.Views.QaChecklist/<CheckCultivation>d__15:MoveNext () (at C:/Users/PC/Desktop/Game/VuonNho/Assets/Scripts/Views/QaChecklist.cs:464)
UnityEngine.SetupCoroutine:InvokeMoveNext (System.Collections.IEnumerator,intptr) (at C:/build/output/unity/unity/Runtime/Export/Scripting/Coroutines.cs:17)

(Filename: C:/build/output/unity/unity/Runtime/Export/Debug/Debug.bindings.cs Line: 130)

[QA] PASS Trồng trái vụ thu ít hơn trồng đúng vụ | 4 → 2 đơn vị
UnityEngine.Debug:ExtractStackTraceNoAlloc (byte*,int,string)
UnityEngine.StackTraceUtility:ExtractStackTrace () (at C:/build/output/unity/unity/Runtime/Export/Scripting/StackTrace.cs:23)
UnityEngine.DebugLogHandler:Internal_Log (UnityEngine.LogType,UnityEngine.LogOption,string,UnityEngine.Object)
UnityEngine.DebugLogHandler:LogFormat (UnityEngine.LogType,UnityEngine.Object,string,object[]) (at C:/build/output/unity/unity/Runtime/Export/Logging/DebugLogHandler.cs:9)
UnityEngine.Logger:Log (UnityEngine.LogType,object) (at C:/build/output/unity/unity/Runtime/Export/Logging/Logger.cs:60)
UnityEngine.Debug:Log (object) (at C:/build/output/unity/unity/Runtime/Export/Debug/Debug.bindings.cs:130)
VuonNho.Views.QaChecklist:Check (string,bool,string) (at C:/Users/PC/Desktop/Game/VuonNho/Assets/Scripts/Views/QaChecklist.cs:2078)
VuonNho.Views.QaChecklist/<CheckCultivation>d__15:MoveNext () (at C:/Users/PC/Desktop/Game/VuonNho/Assets/Scripts/Views/QaChecklist.cs:470)
UnityEngine.SetupCoroutine:InvokeMoveNext (System.Collections.IEnumerator,intptr) (at C:/build/output/unity/unity/Runtime/Export/Scripting/Coroutines.cs:17)

(Filename: C:/build/output/unity/unity/Runtime/Export/Debug/Debug.bindings.cs Line: 130)

[QA] PASS Mùa suy ra được từ đồng hồ mô phỏng | đang là mùa thu
UnityEngine.Debug:ExtractStackTraceNoAlloc (byte*,int,string)
UnityEngine.StackTraceUtility:ExtractStackTrace () (at C:/build/output/unity/unity/Runtime/Export/Scripting/StackTrace.cs:23)
UnityEngine.DebugLogHandler:Internal_Log (UnityEngine.LogType,UnityEngine.LogOption,string,UnityEngine.Object)
UnityEngine.DebugLogHandler:LogFormat (UnityEngine.LogType,UnityEngine.Object,string,object[]) (at C:/build/output/unity/unity/Runtime/Export/Logging/DebugLogHandler.cs:9)
UnityEngine.Logger:Log (UnityEngine.LogType,object) (at C:/build/output/unity/unity/Runtime/Export/Logging/Logger.cs:60)
UnityEngine.Debug:Log (object) (at C:/build/output/unity/unity/Runtime/Export/Debug/Debug.bindings.cs:130)
VuonNho.Views.QaChecklist:Check (string,bool,string) (at C:/Users/PC/Desktop/Game/VuonNho/Assets/Scripts/Views/QaChecklist.cs:2078)
VuonNho.Views.QaChecklist/<CheckCultivation>d__15:MoveNext () (at C:/Users/PC/Desktop/Game/VuonNho/Assets/Scripts/Views/QaChecklist.cs:472)
UnityEngine.SetupCoroutine:InvokeMoveNext (System.Collections.IEnumerator,intptr) (at C:/build/output/unity/unity/Runtime/Export/Scripting/Coroutines.cs:17)

(Filename: C:/build/output/unity/unity/Runtime/Export/Debug/Debug.bindings.cs Line: 130)

[QA] PASS Popup ô hiện độ phì, cỏ và mùa | Độ phì 100/100 · cỏ 0/100 · mùa thu
UnityEngine.Debug:ExtractStackTraceNoAlloc (byte*,int,string)
UnityEngine.StackTraceUtility:ExtractStackTrace () (at C:/build/output/unity/unity/Runtime/Export/Scripting/StackTrace.cs:23)
UnityEngine.DebugLogHandler:Internal_Log (UnityEngine.LogType,UnityEngine.LogOption,string,UnityEngine.Object)
UnityEngine.DebugLogHandler:LogFormat (UnityEngine.LogType,UnityEngine.Object,string,object[]) (at C:/build/output/unity/unity/Runtime/Export/Logging/DebugLogHandler.cs:9)
UnityEngine.Logger:Log (UnityEngine.LogType,object) (at C:/build/output/unity/unity/Runtime/Export/Logging/Logger.cs:60)
UnityEngine.Debug:Log (object) (at C:/build/output/unity/unity/Runtime/Export/Debug/Debug.bindings.cs:130)
VuonNho.Views.QaChecklist:Check (string,bool,string) (at C:/Users/PC/Desktop/Game/VuonNho/Assets/Scripts/Views/QaChecklist.cs:2078)
VuonNho.Views.QaChecklist/<CheckCultivation>d__15:MoveNext () (at C:/Users/PC/Desktop/Game/VuonNho/Assets/Scripts/Views/QaChecklist.cs:483)
UnityEngine.SetupCoroutine:InvokeMoveNext (System.Collections.IEnumerator,intptr) (at C:/build/output/unity/unity/Runtime/Export/Scripting/Coroutines.cs:17)

(Filename: C:/build/output/unity/unity/Runtime/Export/Debug/Debug.bindings.cs Line: 130)

[QA] PASS Popup ô có đủ ba nút chăm sóc
UnityEngine.Debug:ExtractStackTraceNoAlloc (byte*,int,string)
UnityEngine.StackTraceUtility:ExtractStackTrace () (at C:/build/output/unity/unity/Runtime/Export/Scripting/StackTrace.cs:23)
UnityEngine.DebugLogHandler:Internal_Log (UnityEngine.LogType,UnityEngine.LogOption,string,UnityEngine.Object)
UnityEngine.DebugLogHandler:LogFormat (UnityEngine.LogType,UnityEngine.Object,string,object[]) (at C:/build/output/unity/unity/Runtime/Export/Logging/DebugLogHandler.cs:9)
UnityEngine.Logger:Log (UnityEngine.LogType,object) (at C:/build/output/unity/unity/Runtime/Export/Logging/Logger.cs:60)
UnityEngine.Debug:Log (object) (at C:/build/output/unity/unity/Runtime/Export/Debug/Debug.bindings.cs:130)
VuonNho.Views.QaChecklist:Check (string,bool,string) (at C:/Users/PC/Desktop/Game/VuonNho/Assets/Scripts/Views/QaChecklist.cs:2078)
VuonNho.Views.QaChecklist/<CheckCultivation>d__15:MoveNext () (at C:/Users/PC/Desktop/Game/VuonNho/Assets/Scripts/Views/QaChecklist.cs:491)
UnityEngine.SetupCoroutine:InvokeMoveNext (System.Collections.IEnumerator,intptr) (at C:/build/output/unity/unity/Runtime/Export/Scripting/Coroutines.cs:17)

(Filename: C:/build/output/unity/unity/Runtime/Export/Debug/Debug.bindings.cs Line: 130)

[QA] PASS Ô sạch sâu bệnh thì không có nút trị sâu | activeSelf = False
UnityEngine.Debug:ExtractStackTraceNoAlloc (byte*,int,string)
UnityEngine.StackTraceUtility:ExtractStackTrace () (at C:/build/output/unity/unity/Runtime/Export/Scripting/StackTrace.cs:23)
UnityEngine.DebugLogHandler:Internal_Log (UnityEngine.LogType,UnityEngine.LogOption,string,UnityEngine.Object)
UnityEngine.DebugLogHandler:LogFormat (UnityEngine.LogType,UnityEngine.Object,string,object[]) (at C:/build/output/unity/unity/Runtime/Export/Logging/DebugLogHandler.cs:9)
UnityEngine.Logger:Log (UnityEngine.LogType,object) (at C:/build/output/unity/unity/Runtime/Export/Logging/Logger.cs:60)
UnityEngine.Debug:Log (object) (at C:/build/output/unity/unity/Runtime/Export/Debug/Debug.bindings.cs:130)
VuonNho.Views.QaChecklist:Check (string,bool,string) (at C:/Users/PC/Desktop/Game/VuonNho/Assets/Scripts/Views/QaChecklist.cs:2078)
VuonNho.Views.QaChecklist/<CheckCultivation>d__15:MoveNext () (at C:/Users/PC/Desktop/Game/VuonNho/Assets/Scripts/Views/QaChecklist.cs:495)
UnityEngine.SetupCoroutine:InvokeMoveNext (System.Collections.IEnumerator,intptr) (at C:/build/output/unity/unity/Runtime/Export/Scripting/Coroutines.cs:17)

(Filename: C:/build/output/unity/unity/Runtime/Export/Debug/Debug.bindings.cs Line: 130)

[QA] PASS Ô có sâu bệnh thì nút trị sâu hiện ra
UnityEngine.Debug:ExtractStackTraceNoAlloc (byte*,int,string)
UnityEngine.StackTraceUtility:ExtractStackTrace () (at C:/build/output/unity/unity/Runtime/Export/Scripting/StackTrace.cs:23)
UnityEngine.DebugLogHandler:Internal_Log (UnityEngine.LogType,UnityEngine.LogOption,string,UnityEngine.Object)
UnityEngine.DebugLogHandler:LogFormat (UnityEngine.LogType,UnityEngine.Object,string,object[]) (at C:/build/output/unity/unity/Runtime/Export/Logging/DebugLogHandler.cs:9)
UnityEngine.Logger:Log (UnityEngine.LogType,object) (at C:/build/output/unity/unity/Runtime/Export/Logging/Logger.cs:60)
UnityEngine.Debug:Log (object) (at C:/build/output/unity/unity/Runtime/Export/Debug/Debug.bindings.cs:130)
VuonNho.Views.QaChecklist:Check (string,bool,string) (at C:/Users/PC/Desktop/Game/VuonNho/Assets/Scripts/Views/QaChecklist.cs:2078)
VuonNho.Views.QaChecklist/<CheckCultivation>d__15:MoveNext () (at C:/Users/PC/Desktop/Game/VuonNho/Assets/Scripts/Views/QaChecklist.cs:503)
UnityEngine.SetupCoroutine:InvokeMoveNext (System.Collections.IEnumerator,intptr) (at C:/build/output/unity/unity/Runtime/Export/Scripting/Coroutines.cs:17)

(Filename: C:/build/output/unity/unity/Runtime/Export/Debug/Debug.bindings.cs Line: 130)

[QA] PASS Chữ không tràn khỏi ô chứa — popup ô | 16 nhãn
UnityEngine.Debug:ExtractStackTraceNoAlloc (byte*,int,string)
UnityEngine.StackTraceUtility:ExtractStackTrace () (at C:/build/output/unity/unity/Runtime/Export/Scripting/StackTrace.cs:23)
UnityEngine.DebugLogHandler:Internal_Log (UnityEngine.LogType,UnityEngine.LogOption,string,UnityEngine.Object)
UnityEngine.DebugLogHandler:LogFormat (UnityEngine.LogType,UnityEngine.Object,string,object[]) (at C:/build/output/unity/unity/Runtime/Export/Logging/DebugLogHandler.cs:9)
UnityEngine.Logger:Log (UnityEngine.LogType,object) (at C:/build/output/unity/unity/Runtime/Export/Logging/Logger.cs:60)
UnityEngine.Debug:Log (object) (at C:/build/output/unity/unity/Runtime/Export/Debug/Debug.bindings.cs:130)
VuonNho.Views.QaChecklist:Check (string,bool,string) (at C:/Users/PC/Desktop/Game/VuonNho/Assets/Scripts/Views/QaChecklist.cs:2078)
VuonNho.Views.QaChecklist:CheckTextOverflow (string,UnityEngine.RectTransform) (at C:/Users/PC/Desktop/Game/VuonNho/Assets/Scripts/Views/QaChecklist.cs:1674)
VuonNho.Views.QaChecklist/<CheckCultivation>d__15:MoveNext () (at C:/Users/PC/Desktop/Game/VuonNho/Assets/Scripts/Views/QaChecklist.cs:509)
UnityEngine.SetupCoroutine:InvokeMoveNext (System.Collections.IEnumerator,intptr) (at C:/build/output/unity/unity/Runtime/Export/Scripting/Coroutines.cs:17)

(Filename: C:/build/output/unity/unity/Runtime/Export/Debug/Debug.bindings.cs Line: 130)

[QA] PASS Thẻ hồ sơ hiện đúng mùa hiện tại và đồng hồ mùa | Mùa thu  ·  1:11
UnityEngine.Debug:ExtractStackTraceNoAlloc (byte*,int,string)
UnityEngine.StackTraceUtility:ExtractStackTrace () (at C:/build/output/unity/unity/Runtime/Export/Scripting/StackTrace.cs:23)
UnityEngine.DebugLogHandler:Internal_Log (UnityEngine.LogType,UnityEngine.LogOption,string,UnityEngine.Object)
UnityEngine.DebugLogHandler:LogFormat (UnityEngine.LogType,UnityEngine.Object,string,object[]) (at C:/build/output/unity/unity/Runtime/Export/Logging/DebugLogHandler.cs:9)
UnityEngine.Logger:Log (UnityEngine.LogType,object) (at C:/build/output/unity/unity/Runtime/Export/Logging/Logger.cs:60)
UnityEngine.Debug:Log (object) (at C:/build/output/unity/unity/Runtime/Export/Debug/Debug.bindings.cs:130)
VuonNho.Views.QaChecklist:Check (string,bool,string) (at C:/Users/PC/Desktop/Game/VuonNho/Assets/Scripts/Views/QaChecklist.cs:2078)
VuonNho.Views.QaChecklist/<CheckCultivation>d__15:MoveNext () (at C:/Users/PC/Desktop/Game/VuonNho/Assets/Scripts/Views/QaChecklist.cs:516)
UnityEngine.SetupCoroutine:InvokeMoveNext (System.Collections.IEnumerator,intptr) (at C:/build/output/unity/unity/Runtime/Export/Scripting/Coroutines.cs:17)

(Filename: C:/build/output/unity/unity/Runtime/Export/Debug/Debug.bindings.cs Line: 130)

[QA] PASS Ô đầy cỏ và có sâu thì thấy được ngay trong vườn | cỏ True, sâu True
UnityEngine.Debug:ExtractStackTraceNoAlloc (byte*,int,string)
UnityEngine.StackTraceUtility:ExtractStackTrace () (at C:/build/output/unity/unity/Runtime/Export/Scripting/StackTrace.cs:23)
UnityEngine.DebugLogHandler:Internal_Log (UnityEngine.LogType,UnityEngine.LogOption,string,UnityEngine.Object)
UnityEngine.DebugLogHandler:LogFormat (UnityEngine.LogType,UnityEngine.Object,string,object[]) (at C:/build/output/unity/unity/Runtime/Export/Logging/DebugLogHandler.cs:9)
UnityEngine.Logger:Log (UnityEngine.LogType,object) (at C:/build/output/unity/unity/Runtime/Export/Logging/Logger.cs:60)
UnityEngine.Debug:Log (object) (at C:/build/output/unity/unity/Runtime/Export/Debug/Debug.bindings.cs:130)
VuonNho.Views.QaChecklist:Check (string,bool,string) (at C:/Users/PC/Desktop/Game/VuonNho/Assets/Scripts/Views/QaChecklist.cs:2078)
VuonNho.Views.QaChecklist/<CheckCultivation>d__15:MoveNext () (at C:/Users/PC/Desktop/Game/VuonNho/Assets/Scripts/Views/QaChecklist.cs:535)
UnityEngine.SetupCoroutine:InvokeMoveNext (System.Collections.IEnumerator,intptr) (at C:/build/output/unity/unity/Runtime/Export/Scripting/Coroutines.cs:17)

(Filename: C:/build/output/unity/unity/Runtime/Export/Debug/Debug.bindings.cs Line: 130)

[QA] PASS Làm cỏ trị sâu xong thì dấu hiệu biến mất
UnityEngine.Debug:ExtractStackTraceNoAlloc (byte*,int,string)
UnityEngine.StackTraceUtility:ExtractStackTrace () (at C:/build/output/unity/unity/Runtime/Export/Scripting/StackTrace.cs:23)
UnityEngine.DebugLogHandler:Internal_Log (UnityEngine.LogType,UnityEngine.LogOption,string,UnityEngine.Object)
UnityEngine.DebugLogHandler:LogFormat (UnityEngine.LogType,UnityEngine.Object,string,object[]) (at C:/build/output/unity/unity/Runtime/Export/Logging/DebugLogHandler.cs:9)
UnityEngine.Logger:Log (UnityEngine.LogType,object) (at C:/build/output/unity/unity/Runtime/Export/Logging/Logger.cs:60)
UnityEngine.Debug:Log (object) (at C:/build/output/unity/unity/Runtime/Export/Debug/Debug.bindings.cs:130)
VuonNho.Views.QaChecklist:Check (string,bool,string) (at C:/Users/PC/Desktop/Game/VuonNho/Assets/Scripts/Views/QaChecklist.cs:2078)
VuonNho.Views.QaChecklist/<CheckCultivation>d__15:MoveNext () (at C:/Users/PC/Desktop/Game/VuonNho/Assets/Scripts/Views/QaChecklist.cs:542)
UnityEngine.SetupCoroutine:InvokeMoveNext (System.Collections.IEnumerator,intptr) (at C:/build/output/unity/unity/Runtime/Export/Scripting/Coroutines.cs:17)

(Filename: C:/build/output/unity/unity/Runtime/Export/Debug/Debug.bindings.cs Line: 130)

[QA] PASS Bật tắt âm thanh và ghi nhớ được lựa chọn
UnityEngine.Debug:ExtractStackTraceNoAlloc (byte*,int,string)
UnityEngine.StackTraceUtility:ExtractStackTrace () (at C:/build/output/unity/unity/Runtime/Export/Scripting/StackTrace.cs:23)
UnityEngine.DebugLogHandler:Internal_Log (UnityEngine.LogType,UnityEngine.LogOption,string,UnityEngine.Object)
UnityEngine.DebugLogHandler:LogFormat (UnityEngine.LogType,UnityEngine.Object,string,object[]) (at C:/build/output/unity/unity/Runtime/Export/Logging/DebugLogHandler.cs:9)
UnityEngine.Logger:Log (UnityEngine.LogType,object) (at C:/build/output/unity/unity/Runtime/Export/Logging/Logger.cs:60)
UnityEngine.Debug:Log (object) (at C:/build/output/unity/unity/Runtime/Export/Debug/Debug.bindings.cs:130)
VuonNho.Views.QaChecklist:Check (string,bool,string) (at C:/Users/PC/Desktop/Game/VuonNho/Assets/Scripts/Views/QaChecklist.cs:2078)
VuonNho.Views.QaChecklist:RunSettingsChecks () (at C:/Users/PC/Desktop/Game/VuonNho/Assets/Scripts/Views/QaChecklist.cs:2045)
VuonNho.Views.QaChecklist/<Run>d__11:MoveNext () (at C:/Users/PC/Desktop/Game/VuonNho/Assets/Scripts/Views/QaChecklist.cs:100)
UnityEngine.SetupCoroutine:InvokeMoveNext (System.Collections.IEnumerator,intptr) (at C:/build/output/unity/unity/Runtime/Export/Scripting/Coroutines.cs:17)

(Filename: C:/build/output/unity/unity/Runtime/Export/Debug/Debug.bindings.cs Line: 130)

[QA] PASS Xuất được dữ liệu test | Đã xuất dữ liệu test: C:/Users/PC/AppData/LocalLow/Vuon va Tra/VuonNho-HudReview\vuon-nho-export-20260908-025939.log
UnityEngine.Debug:ExtractStackTraceNoAlloc (byte*,int,string)
UnityEngine.StackTraceUtility:ExtractStackTrace () (at C:/build/output/unity/unity/Runtime/Export/Scripting/StackTrace.cs:23)
UnityEngine.DebugLogHandler:Internal_Log (UnityEngine.LogType,UnityEngine.LogOption,string,UnityEngine.Object)
UnityEngine.DebugLogHandler:LogFormat (UnityEngine.LogType,UnityEngine.Object,string,object[]) (at C:/build/output/unity/unity/Runtime/Export/Logging/DebugLogHandler.cs:9)
UnityEngine.Logger:Log (UnityEngine.LogType,object) (at C:/build/output/unity/unity/Runtime/Export/Logging/Logger.cs:60)
UnityEngine.Debug:Log (object) (at C:/build/output/unity/unity/Runtime/Export/Debug/Debug.bindings.cs:130)
VuonNho.Views.QaChecklist:Check (string,bool,string) (at C:/Users/PC/Desktop/Game/VuonNho/Assets/Scripts/Views/QaChecklist.cs:2078)
VuonNho.Views.QaChecklist:RunSettingsChecks () (at C:/Users/PC/Desktop/Game/VuonNho/Assets/Scripts/Views/QaChecklist.cs:2049)
VuonNho.Views.QaChecklist/<Run>d__11:MoveNext () (at C:/Users/PC/Desktop/Game/VuonNho/Assets/Scripts/Views/QaChecklist.cs:100)
UnityEngine.SetupCoroutine:InvokeMoveNext (System.Collections.IEnumerator,intptr) (at C:/build/output/unity/unity/Runtime/Export/Scripting/Coroutines.cs:17)

(Filename: C:/build/output/unity/unity/Runtime/Export/Debug/Debug.bindings.cs Line: 130)

[QA] PASS Reset trả về vườn mới | 0 xu, 4 ô
UnityEngine.Debug:ExtractStackTraceNoAlloc (byte*,int,string)
UnityEngine.StackTraceUtility:ExtractStackTrace () (at C:/build/output/unity/unity/Runtime/Export/Scripting/StackTrace.cs:23)
UnityEngine.DebugLogHandler:Internal_Log (UnityEngine.LogType,UnityEngine.LogOption,string,UnityEngine.Object)
UnityEngine.DebugLogHandler:LogFormat (UnityEngine.LogType,UnityEngine.Object,string,object[]) (at C:/build/output/unity/unity/Runtime/Export/Logging/DebugLogHandler.cs:9)
UnityEngine.Logger:Log (UnityEngine.LogType,object) (at C:/build/output/unity/unity/Runtime/Export/Logging/Logger.cs:60)
UnityEngine.Debug:Log (object) (at C:/build/output/unity/unity/Runtime/Export/Debug/Debug.bindings.cs:130)
VuonNho.Views.QaChecklist:Check (string,bool,string) (at C:/Users/PC/Desktop/Game/VuonNho/Assets/Scripts/Views/QaChecklist.cs:2078)
VuonNho.Views.QaChecklist:RunSettingsChecks () (at C:/Users/PC/Desktop/Game/VuonNho/Assets/Scripts/Views/QaChecklist.cs:2054)
VuonNho.Views.QaChecklist/<Run>d__11:MoveNext () (at C:/Users/PC/Desktop/Game/VuonNho/Assets/Scripts/Views/QaChecklist.cs:100)
UnityEngine.SetupCoroutine:InvokeMoveNext (System.Collections.IEnumerator,intptr) (at C:/build/output/unity/unity/Runtime/Export/Scripting/Coroutines.cs:17)

(Filename: C:/build/output/unity/unity/Runtime/Export/Debug/Debug.bindings.cs Line: 130)

[QA] PASS Sau reset vẫn có file save hợp lệ | C:/Users/PC/AppData/LocalLow/Vuon va Tra/VuonNho-HudReview\vuon-nho-save.json
UnityEngine.Debug:ExtractStackTraceNoAlloc (byte*,int,string)
UnityEngine.StackTraceUtility:ExtractStackTrace () (at C:/build/output/unity/unity/Runtime/Export/Scripting/StackTrace.cs:23)
UnityEngine.DebugLogHandler:Internal_Log (UnityEngine.LogType,UnityEngine.LogOption,string,UnityEngine.Object)
UnityEngine.DebugLogHandler:LogFormat (UnityEngine.LogType,UnityEngine.Object,string,object[]) (at C:/build/output/unity/unity/Runtime/Export/Logging/DebugLogHandler.cs:9)
UnityEngine.Logger:Log (UnityEngine.LogType,object) (at C:/build/output/unity/unity/Runtime/Export/Logging/Logger.cs:60)
UnityEngine.Debug:Log (object) (at C:/build/output/unity/unity/Runtime/Export/Debug/Debug.bindings.cs:130)
VuonNho.Views.QaChecklist:Check (string,bool,string) (at C:/Users/PC/Desktop/Game/VuonNho/Assets/Scripts/Views/QaChecklist.cs:2078)
VuonNho.Views.QaChecklist:RunSettingsChecks () (at C:/Users/PC/Desktop/Game/VuonNho/Assets/Scripts/Views/QaChecklist.cs:2060)
VuonNho.Views.QaChecklist/<Run>d__11:MoveNext () (at C:/Users/PC/Desktop/Game/VuonNho/Assets/Scripts/Views/QaChecklist.cs:100)
UnityEngine.SetupCoroutine:InvokeMoveNext (System.Collections.IEnumerator,intptr) (at C:/build/output/unity/unity/Runtime/Export/Scripting/Coroutines.cs:17)

(Filename: C:/build/output/unity/unity/Runtime/Export/Debug/Debug.bindings.cs Line: 130)

[QA] Bao cao: C:\Users\PC\Desktop\Game\VuonNho\Docs\QA-startup-1080p.md — 189 dat, 1 khong dat.
UnityEngine.Debug:ExtractStackTraceNoAlloc (byte*,int,string)
UnityEngine.StackTraceUtility:ExtractStackTrace () (at C:/build/output/unity/unity/Runtime/Export/Scripting/StackTrace.cs:23)
UnityEngine.DebugLogHandler:Internal_Log (UnityEngine.LogType,UnityEngine.LogOption,string,UnityEngine.Object)
UnityEngine.DebugLogHandler:LogFormat (UnityEngine.LogType,UnityEngine.Object,string,object[]) (at C:/build/output/unity/unity/Runtime/Export/Logging/DebugLogHandler.cs:9)
UnityEngine.Logger:Log (UnityEngine.LogType,object) (at C:/build/output/unity/unity/Runtime/Export/Logging/Logger.cs:60)
UnityEngine.Debug:Log (object) (at C:/build/output/unity/unity/Runtime/Export/Debug/Debug.bindings.cs:130)
VuonNho.Views.QaChecklist:Finish () (at C:/Users/PC/Desktop/Game/VuonNho/Assets/Scripts/Views/QaChecklist.cs:2108)
VuonNho.Views.QaChecklist/<Run>d__11:MoveNext () (at C:/Users/PC/Desktop/Game/VuonNho/Assets/Scripts/Views/QaChecklist.cs:102)
UnityEngine.SetupCoroutine:InvokeMoveNext (System.Collections.IEnumerator,intptr) (at C:/build/output/unity/unity/Runtime/Export/Scripting/Coroutines.cs:17)

(Filename: C:/build/output/unity/unity/Runtime/Export/Debug/Debug.bindings.cs Line: 130)

[Physics::Module] Cleanup current backend.
[Physics::Module] Id: 0xf2b8ea05
Input System module state changed to: ShutdownInProgress.
Input Polling Thread exited.
Input System module state changed to: Shutdown.
CodeReloadManager destroyed
PlayerConnection::Cleanup##utp:{"type":"MemoryLeaks","version":2,"phase":"Immediate","time":1788811180016,"processId":15324,"allocatedMemory":48890,"memoryLabels":[{"Default":3832},{"NewDelete":104},{"Thread":2304},{"Manager":9364},{"GfxDevice":72},{"GfxThread":6912},{"Serialization":17000},{"BaseObject":4512},{"String":366},{"PoolAlloc":192},{"ScriptManager":5688},{"CodeReload":440},{"CloudService":144},{"VR":1928},{"Video":144},{"Subsystems":96},{"CoreBusinessMetrics":128}]}
